id,name,selling_price,year,seller_type,owner,km_driven,ex_showroom_price,age,km_class,km_per_year,km_per_month,company
0,Classic 350,175000.0,2019,Individual,1st owner,350,,4,1,87.5,7.292,Royal Enfield
1,Dio,45000.0,2017,Individual,1st owner,5650,,6,2,941.667,78.472,Honda
2,Classic Gunmetal Grey,150000.0,2018,Individual,1st owner,12000,148114.0,5,3,2400.0,200.0,Royal Enfield
3,Fazer FI V 2.0 [2016-2018],65000.0,2015,Individual,1st owner,23000,89643.0,8,5,2875.0,239.583,Yamaha
4,SZ [2013-2014],20000.0,2011,Individual,2nd owner,21000,,12,5,1750.0,145.833,Yamaha
5,CB Twister,18000.0,2010,Individual,1st owner,60000,53857.0,13,12,4615.385,384.615,Honda
6,CB Hornet 160R,78500.0,2018,Individual,1st owner,17000,87719.0,5,4,3400.0,283.333,Honda
7,Bullet 350 [2007-2011],180000.0,2008,Individual,2nd owner,39000,,15,8,2600.0,216.667,Royal Enfield
8,CBZ extreme,30000.0,2010,Individual,1st owner,32000,,13,7,2461.538,205.128,Hero Honda
9,Discover 125,50000.0,2016,Individual,1st owner,42000,60122.0,7,9,6000.0,500.0,Bajaj
10,FZ16,35000.0,2015,Individual,1st owner,32000,78712.0,8,7,4000.0,333.333,Yamaha
11,Navi,28000.0,2016,Individual,2nd owner,10000,47255.0,7,2,1428.571,119.048,Honda
12,Avenger Street 220,80000.0,2018,Individual,1st owner,21178,95955.0,5,5,4235.6,352.967,Bajaj
13,YZF R3,365000.0,2019,Individual,1st owner,1127,351680.0,4,1,281.75,23.479,Yamaha
14,42,185000.0,2020,Individual,1st owner,1700,,3,1,566.667,47.222,Jawa
15,Access 125 [2007-2016],25000.0,2012,Individual,1st owner,55000,58314.0,11,11,5000.0,416.667,Suzuki
16,Glamour,25000.0,2006,Individual,1st owner,27000,,17,6,1588.235,132.353,Hero Honda
17,YZF R15 S,40000.0,2010,Individual,2nd owner,45000,117926.0,13,9,3461.538,288.462,Yamaha
18,Classic Gunmetal Grey,150000.0,2018,Individual,1st owner,23000,148114.0,5,5,4600.0,383.333,Royal Enfield
19,FZ25,120000.0,2018,Individual,1st owner,39000,132680.0,5,8,7800.0,650.0,Yamaha
20,Passion Pro 110,15000.0,2008,Individual,1st owner,60000,,15,12,4000.0,333.333,Hero
21,Navi [2016-2017],26000.0,2016,Individual,1st owner,17450,44389.0,7,4,2492.857,207.738,Honda
22,Activa i,32000.0,2013,Individual,2nd owner,20696,53900.0,10,5,2069.6,172.467,Honda
23,Standard,180000.0,2019,Individual,1st owner,2000,,4,1,500.0,41.667,Jawa
24,Thunderbird 350,110000.0,2016,Individual,1st owner,20000,,7,4,2857.143,238.095,Royal Enfield
25,Dream Yuga,25000.0,2012,Individual,1st owner,35000,56147.0,11,7,3181.818,265.151,Honda
26,Apache RTR 160 4V,80000.0,2018,Individual,1st owner,15210,,5,4,3042.0,253.5,TVS
27,Navi [2016-2017],42000.0,2017,Individual,1st owner,24000,44389.0,6,5,4000.0,333.333,Honda
28,Fazer [2009-2016],40000.0,2013,Individual,3rd owner,35000,84751.0,10,7,3500.0,291.667,Yamaha
29,Splendor NXG,21000.0,2009,Individual,1st owner,10000,,14,2,714.286,59.524,Hero Honda
30,Glamour 125,55000.0,2017,Individual,1st owner,2500,61600.0,6,1,416.667,34.722,Hero
31,FZ S [2012-2016],38000.0,2013,Individual,1st owner,75000,79432.0,10,15,7500.0,625.0,Yamaha
32,Xtreme Sports,43000.0,2016,Individual,2nd owner,50000,78350.0,7,10,7142.857,595.238,Hero
33,X-Blade,65000.0,2018,Individual,1st owner,27000,,5,6,5400.0,450.0,Honda
34,CB Shine SP,62000.0,2019,Individual,1st owner,10000,71049.0,4,2,2500.0,208.333,Honda
35,Activa 5G,60000.0,2018,Individual,1st owner,6502,57557.0,5,2,1300.4,108.367,Honda
36,Glamour 125,45000.0,2018,Individual,1st owner,21000,61600.0,5,5,4200.0,350.0,Hero
37,CBR-250R,120000.0,2016,Individual,1st owner,16000,202310.0,7,4,2285.714,190.476,Honda
38,Passion PRO [2012],30000.0,2011,Individual,1st owner,42000,,12,9,3500.0,291.667,Hero Honda
39,Thunderbird 350,90000.0,2015,Individual,3rd owner,13000,,8,3,1625.0,135.417,Royal Enfield
40,Dominar 400,125000.0,2017,Individual,1st owner,12800,,6,3,2133.333,177.778,Bajaj
41,Glamour FI,50000.0,2018,Individual,1st owner,20000,71150.0,5,4,4000.0,333.333,Hero
42,390 Duke,175000.0,2017,Individual,1st owner,4600,,6,1,766.667,63.889,KTM
43,Passion XPro,28000.0,2012,Individual,1st owner,81000,56750.0,11,17,7363.636,613.636,Hero
44,FZ S V 2.0,85000.0,2018,Individual,1st owner,8000,84042.0,5,2,1600.0,133.333,Yamaha
45,Achiever 150,29900.0,2016,Individual,1st owner,55000,69750.0,7,11,7857.143,654.762,Hero
46,Discover 125,25000.0,2011,Individual,1st owner,57000,60122.0,12,12,4750.0,395.833,Bajaj
47,FZ16,30000.0,2009,Individual,2nd owner,26000,78712.0,14,6,1857.143,154.762,Yamaha
48,Saluto,60000.0,2018,Individual,1st owner,13000,59844.0,5,3,2600.0,216.667,Yamaha
49,FZ16,35000.0,2012,Individual,2nd owner,29000,78712.0,11,6,2636.364,219.697,Yamaha
50,Discover 100,25000.0,2010,Individual,1st owner,43000,42859.0,13,9,3307.692,275.641,Bajaj
51,CB Trigger,30000.0,2015,Individual,1st owner,40000,73413.0,8,8,5000.0,416.667,Honda
52,Electra 5 S,90000.0,2010,Individual,2nd owner,40000,,13,8,3076.923,256.41,Royal Enfield
53,Splendor PRO,35000.0,2015,Individual,2nd owner,24000,49900.0,8,5,3000.0,250.0,Hero
54,Activa 5G,70000.0,2019,Individual,1st owner,3000,59422.0,4,1,750.0,62.5,Honda
55,Passion Plus,25000.0,2006,Individual,1st owner,75000,,17,15,4411.765,367.647,Hero Honda
56,Pulsar 150,25000.0,2010,Individual,1st owner,42000,,13,9,3230.769,269.231,Bajaj
57,Bullet 350,90000.0,2014,Individual,1st owner,13000,,9,3,1444.444,120.37,Royal Enfield
58,Discover 125,25000.0,2013,Individual,1st owner,55000,57549.0,10,11,5500.0,458.333,Bajaj
59,Pulsar 150 [2001-2011],42000.0,2011,Individual,1st owner,23000,,12,5,1916.667,159.722,Bajaj
60,Splendor PRO,35000.0,2015,Individual,2nd owner,24000,51994.0,8,5,3000.0,250.0,Hero
61,Xtreme Sports,50000.0,2014,Individual,1st owner,80000,80350.0,9,16,8888.889,740.741,Hero
62,Activa 3G,30000.0,2015,Individual,1st owner,39000,54605.0,8,8,4875.0,406.25,Honda
63,FZ16,48000.0,2016,Individual,1st owner,20000,78712.0,7,4,2857.143,238.095,Yamaha
64,CB Hornet 160R,65000.0,2016,Individual,1st owner,30000,88161.0,7,6,4285.714,357.143,Honda
65,Thunderbird 350,85000.0,2013,Individual,1st owner,21000,,10,5,2100.0,175.0,Royal Enfield
66,Hunk,45000.0,2014,Individual,1st owner,41000,78513.0,9,9,4555.556,379.63,Hero
67,Let''s,34000.0,2014,Individual,1st owner,8000,50098.0,9,2,888.889,74.074,Suzuki
68,Electra 4 S,90000.0,2008,Individual,1st owner,50000,,15,10,3333.333,277.778,Royal Enfield
69,Scooty Pep Plus,35000.0,2012,Individual,1st owner,8150,,11,2,740.909,61.742,TVS
70,Mojo XT300,165000.0,2017,Individual,1st owner,1933,195500.0,6,1,322.167,26.847,Mahindra
71,Apache RTR 160,35000.0,2013,Individual,1st owner,55750,,10,12,5575.0,464.583,TVS
72,Pulsar AS200,65000.0,2015,Individual,1st owner,15856,92074.0,8,4,1982.0,165.167,Bajaj
73,Pulsar 150,29500.0,2013,Individual,1st owner,27000,,10,6,2700.0,225.0,Bajaj
74,Thunderbird 350X,165000.0,2019,Individual,1st owner,3700,164004.0,4,1,925.0,77.083,Royal Enfield
75,Intruder 150,95000.0,2018,Individual,1st owner,21938,,5,5,4387.6,365.633,Suzuki
76,Karizma ZMR [2010],50000.0,2010,Individual,1st owner,48000,,13,10,3692.308,307.692,Hero Honda
77,Dio,7500.0,2009,Individual,2nd owner,16000,,14,4,1142.857,95.238,Honda
78,Xcd,25000.0,2008,Individual,1st owner,54000,,15,11,3600.0,300.0,Bajaj
79,Splendor Plus,35000.0,2014,Individual,2nd owner,35000,,9,7,3888.889,324.074,Hero
80,Thunderbird 350X,160000.0,2018,Individual,1st owner,15000,,5,3,3000.0,250.0,Royal Enfield
81,CB Unicorn 150,50000.0,2014,Individual,1st owner,32000,74295.0,9,7,3555.556,296.296,Honda
82,Activa 5G,62000.0,2019,Individual,1st owner,3500,57557.0,4,1,875.0,72.917,Honda
83,CB Twister,30000.0,2013,Individual,1st owner,9000,53857.0,10,2,900.0,75.0,Honda
84,Splendor PRO,28000.0,2015,Individual,1st owner,38000,49642.0,8,8,4750.0,395.833,Hero
85,CD Deluxe,25000.0,2009,Individual,1st owner,50000,,14,10,3571.429,297.619,Hero Honda
86,Activa i [2016-2017],30000.0,2015,Individual,2nd owner,20000,51112.0,8,4,2500.0,208.333,Honda
87,Classic Gunmetal Grey,140000.0,2018,Individual,1st owner,22000,148114.0,5,5,4400.0,366.667,Royal Enfield
88,Scooty Zest 110,30000.0,2017,Individual,1st owner,9432,53751.0,6,2,1572.0,131.0,TVS
89,CD Deluxe,25000.0,2014,Individual,1st owner,70000,,9,14,7777.778,648.148,Hero
90,Access 125 [2007-2016],22000.0,2010,Individual,2nd owner,43000,58314.0,13,9,3307.692,275.641,Suzuki
91,Activa [2000-2015],22989.0,2012,Individual,1st owner,500000,50267.0,11,100,45454.545,3787.879,Honda
92,Activa 125 [2016-2017],42000.0,2016,Individual,1st owner,30514,61653.0,7,7,4359.143,363.262,Honda
93,GS150R,30000.0,2010,Individual,1st owner,130000,70851.0,13,26,10000.0,833.333,Suzuki
94,Pulsar 220S,55000.0,2015,Individual,1st owner,45000,,8,9,5625.0,468.75,Bajaj
95,Activa 4G,45000.0,2018,Individual,1st owner,25000,53079.0,5,5,5000.0,416.667,Honda
96,FZ25,150000.0,2019,Individual,1st owner,2500,133680.0,4,1,625.0,52.083,Yamaha
97,Pulsar 150,42000.0,2015,Individual,1st owner,22770,,8,5,2846.25,237.188,Bajaj
98,Splendor Plus,30000.0,2015,Individual,1st owner,30000,,8,6,3750.0,312.5,Hero
99,Discover 100,24999.0,2012,Individual,2nd owner,35000,42859.0,11,7,3181.818,265.151,Bajaj
100,Thunderbird 350X,160000.0,2019,Individual,1st owner,6330,,4,2,1582.5,131.875,Royal Enfield
101,Classic 350,175000.0,2020,Individual,1st owner,500,,3,1,166.667,13.889,Royal Enfield
102,Pulsar 150,40000.0,2013,Individual,1st owner,43400,,10,9,4340.0,361.667,Bajaj
103,Pulsar NS160,85000.0,2018,Individual,1st owner,7004,,5,2,1400.8,116.733,Bajaj
104,Classic Desert Storm,150000.0,2017,Individual,1st owner,16500,181445.0,6,4,2750.0,229.167,Royal Enfield
105,Gixxer SF,80000.0,2018,Individual,1st owner,12500,,5,3,2500.0,208.333,Suzuki
106,Apache RTR 200 4V,95000.0,2018,Individual,1st owner,9600,,5,2,1920.0,160.0,TVS
107,V15,42000.0,2016,Individual,1st owner,35000,65626.0,7,7,5000.0,416.667,Bajaj
108,XL 100 Heavy Duty,40000.0,2019,Individual,1st owner,11000,,4,3,2750.0,229.167,TVS
109,FZ S V 2.0,50000.0,2015,Individual,1st owner,20000,84042.0,8,4,2500.0,208.333,Yamaha
110,HF Deluxe,40000.0,2018,Individual,1st owner,13000,,5,3,2600.0,216.667,Hero
111,SR 125,75000.0,2019,Individual,1st owner,3500,,4,1,875.0,72.917,Aprilia
112,FZ25,120000.0,2017,Individual,1st owner,9000,132680.0,6,2,1500.0,125.0,Yamaha
113,Glamour,30000.0,2008,Individual,1st owner,7500,,15,2,500.0,41.667,Hero Honda
114,Discover 125 ST,17500.0,2013,Individual,1st owner,38000,58438.0,10,8,3800.0,316.667,Bajaj
115,Passion Plus,7500.0,2004,Individual,1st owner,120000,,19,24,6315.789,526.316,Hero Honda
116,Aviator,57000.0,2018,Individual,1st owner,6465,61118.0,5,2,1293.0,107.75,Honda
117,SXL 149,80000.0,2018,Individual,1st owner,18803,,5,4,3760.6,313.383,Vespa
118,Scooty Pep Plus,18000.0,2010,Individual,1st owner,20000,,13,4,1538.462,128.205,TVS
119,Xtreme [2013-2014],25000.0,2013,Individual,1st owner,24000,75936.0,10,5,2400.0,200.0,Hero
120,Thunderbird 350,83900.0,2014,Individual,2nd owner,22000,,9,5,2444.444,203.704,Royal Enfield
121,Renegade Commando,160000.0,2018,Individual,1st owner,7000,180525.0,5,2,1400.0,116.667,UM
122,Classic Gunmetal Grey,135000.0,2018,Individual,1st owner,6100,148114.0,5,2,1220.0,101.667,Royal Enfield
123,CB Hornet 160R,55000.0,2017,Individual,1st owner,14000,87543.0,6,3,2333.333,194.444,Honda
124,Shine,50000.0,2017,Individual,1st owner,23000,,6,5,3833.333,319.444,Honda
125,Discover 100,20000.0,2012,Individual,1st owner,85000,42859.0,11,17,7727.273,643.939,Bajaj
126,CBZ extreme,25000.0,2010,Individual,1st owner,40000,,13,8,3076.923,256.41,Hero Honda
127,Classic 350,125000.0,2017,Individual,1st owner,18000,,6,4,3000.0,250.0,Royal Enfield
128,Activa 5G,55000.0,2019,Individual,1st owner,10000,57557.0,4,2,2500.0,208.333,Honda
129,Avenger Street 150 [2018],50000.0,2016,Individual,1st owner,40000,80435.0,7,8,5714.286,476.19,Bajaj
130,Continental GT 650,299000.0,2019,Individual,1st owner,1500,,4,1,375.0,31.25,Royal Enfield
131,Activa 3G,60000.0,2015,Individual,1st owner,30000,54605.0,8,6,3750.0,312.5,Honda
132,Activa 3G,40000.0,2015,Individual,1st owner,3000,54605.0,8,1,375.0,31.25,Honda
133,Pulsar 180,15000.0,2008,Individual,1st owner,55000,85011.0,15,11,3666.667,305.556,Bajaj
134,Street Bob,750000.0,2013,Individual,2nd owner,12000,1278000.0,10,3,1200.0,100.0,Harley-Davidson
135,CBZ extreme,20000.0,2007,Individual,1st owner,90000,,16,18,5625.0,468.75,Hero Honda
136,Classic Gunmetal Grey,190000.0,2020,Individual,1st owner,500,155740.0,3,1,166.667,13.889,Royal Enfield
137,390 Duke ABS [2013-2016],130000.0,2015,Individual,1st owner,50000,202127.0,8,10,6250.0,520.833,KTM
138,CB Hornet 160R,54786.0,2016,Individual,1st owner,25000,88161.0,7,5,3571.429,297.619,Honda
139,200 Duke,72000.0,2013,Individual,1st owner,36500,,10,8,3650.0,304.167,KTM
140,Karizma 2014,35000.0,2013,Individual,1st owner,26000,86744.0,10,6,2600.0,216.667,Hero
141,Glamour 125,45000.0,2017,Individual,1st owner,18000,61600.0,6,4,3000.0,250.0,Hero
142,Classic 350,85000.0,2013,Individual,1st owner,49000,,10,10,4900.0,408.333,Royal Enfield
143,Classic 500,100000.0,2013,Individual,1st owner,18000,156304.0,10,4,1800.0,150.0,Royal Enfield
144,Dominar 400,138000.0,2017,Individual,1st owner,15000,,6,3,2500.0,208.333,Bajaj
145,Thunderbird 350X,150000.0,2018,Individual,1st owner,8500,,5,2,1700.0,141.667,Royal Enfield
146,RC 390,180000.0,2017,Individual,1st owner,3775,,6,1,629.167,52.431,KTM
147,Thunderbird 350,100000.0,2015,Individual,1st owner,14500,,8,3,1812.5,151.042,Royal Enfield
148,Hunk,20000.0,2010,Individual,1st owner,35000,78513.0,13,7,2692.308,224.359,Hero
149,390 Duke,170000.0,2017,Individual,1st owner,14000,,6,3,2333.333,194.444,KTM
150,Gixxer [2014-2018],60000.0,2016,Individual,1st owner,16000,84246.0,7,4,2285.714,190.476,Suzuki
151,Bullet 350,123000.0,2016,Individual,1st owner,7000,,7,2,1000.0,83.333,Royal Enfield
152,Access 125,60000.0,2017,Individual,1st owner,4000,,6,1,666.667,55.556,Suzuki
153,Apache RTR 200 4V,100000.0,2017,Individual,1st owner,45000,,6,9,7500.0,625.0,TVS
154,Xtreme Sports,22000.0,2014,Individual,1st owner,99000,78350.0,9,20,11000.0,916.667,Hero
155,Activa [2000-2015],30000.0,2014,Individual,1st owner,52000,50267.0,9,11,5777.778,481.482,Honda
156,Discover 125,28000.0,2013,Individual,1st owner,45000,60122.0,10,9,4500.0,375.0,Bajaj
157,Pulsar 150,50000.0,2007,Individual,1st owner,52000,,16,11,3250.0,270.833,Bajaj
158,Saluto RX,40000.0,2017,Individual,1st owner,27000,49521.0,6,6,4500.0,375.0,Yamaha
159,HF Deluxe,43000.0,2018,Individual,1st owner,60000,,5,12,12000.0,1000.0,Hero
160,Access 125,40000.0,2015,Individual,1st owner,2300,,8,1,287.5,23.958,Suzuki
161,Classic Desert Storm,100000.0,2012,Individual,1st owner,15000,181445.0,11,3,1363.636,113.636,Royal Enfield
162,HF Deluxe,30000.0,2016,Individual,1st owner,50000,,7,10,7142.857,595.238,Hero
163,RC 200,130000.0,2017,Individual,1st owner,27000,,6,6,4500.0,375.0,KTM
164,CB Hornet 160R,48000.0,2016,Individual,2nd owner,25000,88161.0,7,5,3571.429,297.619,Honda
165,CT 100,32000.0,2017,Individual,1st owner,40000,,6,8,6666.667,555.556,Bajaj
166,Pleasure,23000.0,2010,Individual,1st owner,32000,,13,7,2461.538,205.128,Hero Honda
167,Pulsar 135 LS,20000.0,2010,Individual,2nd owner,50000,64589.0,13,10,3846.154,320.513,Bajaj
168,Classic 350,125000.0,2017,Individual,1st owner,36000,,6,8,6000.0,500.0,Royal Enfield
169,Navi [2016-2017],23000.0,2016,Individual,1st owner,17450,44389.0,7,4,2492.857,207.738,Honda
170,Discover 125,15000.0,2011,Individual,1st owner,32000,57549.0,12,7,2666.667,222.222,Bajaj
171,SZ RR V 2.0,35000.0,2015,Individual,1st owner,38000,69983.0,8,8,4750.0,395.833,Yamaha
172,Discover 150,25000.0,2014,Individual,2nd owner,71000,54299.0,9,15,7888.889,657.407,Bajaj
173,Pulsar 150,80000.0,2019,Individual,1st owner,8000,,4,2,2000.0,166.667,Bajaj
174,Flame,15000.0,2010,Individual,1st owner,12000,,13,3,923.077,76.923,TVS
175,VX 125,45000.0,2013,Individual,2nd owner,50000,72303.0,10,10,5000.0,416.667,Vespa
176,SZ X,25000.0,2012,Individual,2nd owner,30000,65800.0,11,6,2727.273,227.273,Yamaha
177,CBF Stunner,35000.0,2013,Individual,1st owner,15888,58757.0,10,4,1588.8,132.4,Honda
178,Discover 100 T,25000.0,2013,Individual,1st owner,26000,47032.0,10,6,2600.0,216.667,Bajaj
179,Classic 350,170000.0,2018,Individual,1st owner,5600,,5,2,1120.0,93.333,Royal Enfield
180,Activa [2000-2015],25000.0,2014,Individual,1st owner,41000,50267.0,9,9,4555.556,379.63,Honda
181,Electra 5 S,60000.0,2007,Individual,2nd owner,19612,,16,4,1225.75,102.146,Royal Enfield
182,Pulsar 150,41000.0,2012,Individual,1st owner,17000,,11,4,1545.455,128.788,Bajaj
183,Shine,35000.0,2012,Individual,1st owner,33700,,11,7,3063.636,255.303,Honda
184,CB Unicorn 160,75000.0,2015,Individual,1st owner,100000,79233.0,8,20,12500.0,1041.667,Honda
185,Activa 3G,47999.0,2016,Individual,1st owner,6000,54605.0,7,2,857.143,71.429,Honda
186,Shine,36999.0,2011,Individual,1st owner,21000,,12,5,1750.0,145.833,Honda
187,Pulsar 180,25000.0,2007,Individual,1st owner,80000,85011.0,16,16,5000.0,416.667,Bajaj
188,Gixxer SF,60000.0,2016,Individual,1st owner,15000,,7,3,2142.857,178.571,Suzuki
189,CB Unicorn 150,50000.0,2007,Individual,1st owner,46000,74295.0,16,10,2875.0,239.583,Honda
190,YZF R15 [2011-2018],65000.0,2013,Individual,1st owner,11000,118997.0,10,3,1100.0,91.667,Yamaha
191,Sport,12000.0,2007,Individual,1st owner,72000,,16,15,4500.0,375.0,TVS
192,Pulsar AS200,60000.0,2015,Individual,1st owner,50000,92074.0,8,10,6250.0,520.833,Bajaj
193,Activa [2000-2015],20000.0,2010,Individual,1st owner,50000,50267.0,13,10,3846.154,320.513,Honda
194,FZ16,27000.0,2011,Individual,1st owner,67000,78712.0,12,14,5583.333,465.278,Yamaha
195,Boxer,10000.0,2000,Individual,1st owner,30000,,23,6,1304.348,108.696,Bajaj
196,Hunk,56000.0,2015,Individual,1st owner,48000,,8,10,6000.0,500.0,Hero Honda
197,Hunk,58000.0,2015,Individual,1st owner,48000,,8,10,6000.0,500.0,Hero Honda
198,Avenger Cruise 220,87000.0,2018,Individual,1st owner,8000,,5,2,1600.0,133.333,Bajaj
199,Ray Z,35000.0,2015,Individual,1st owner,15500,52949.0,8,4,1937.5,161.458,Yamaha
200,Pulsar 180,35000.0,2012,Individual,1st owner,45000,85011.0,11,9,4090.909,340.909,Bajaj
201,Discover 150F,40000.0,2014,Individual,2nd owner,60855,64071.0,9,13,6761.667,563.472,Bajaj
202,Pulsar 135 LS,56000.0,2017,Individual,3rd owner,37714,64589.0,6,8,6285.667,523.806,Bajaj
203,Pulsar 180,30000.0,2008,Individual,2nd owner,60000,85011.0,15,12,4000.0,333.333,Bajaj
204,Activa 125 [2016-2017],40000.0,2017,Individual,1st owner,26000,61545.0,6,6,4333.333,361.111,Honda
205,HF Deluxe,60000.0,2019,Individual,1st owner,6000,,4,2,1500.0,125.0,Hero
206,Karizma 2014,40000.0,2013,Individual,1st owner,30000,86744.0,10,6,3000.0,250.0,Hero
207,Platina 100,40000.0,2018,Individual,1st owner,17000,,5,4,3400.0,283.333,Bajaj
208,Bullet 500,130000.0,2015,Individual,1st owner,34601,168482.0,8,7,4325.125,360.427,Royal Enfield
209,Pulsar AS200,45000.0,2015,Individual,1st owner,48000,92074.0,8,10,6000.0,500.0,Bajaj
210,FZ S [2012-2016],42000.0,2013,Individual,1st owner,60000,79432.0,10,12,6000.0,500.0,Yamaha
211,Pulsar 220 Fi,25000.0,2012,Individual,1st owner,44000,,11,9,4000.0,333.333,Bajaj
212,Pulsar 150,15000.0,2006,Individual,1st owner,55000,,17,11,3235.294,269.608,Bajaj
213,Dominar 400 [2018],170000.0,2018,Individual,1st owner,16000,163331.0,5,4,3200.0,266.667,Bajaj
214,Passion X Pro [2016-2017],38000.0,2016,Individual,2nd owner,20000,59095.0,7,4,2857.143,238.095,Hero
215,FZ S V 2.0,60000.0,2015,Individual,2nd owner,17500,84042.0,8,4,2187.5,182.292,Yamaha
216,Apache RTR 160,65000.0,2017,Individual,1st owner,46000,,6,10,7666.667,638.889,TVS
217,Avenger [2015],35000.0,2011,Individual,1st owner,30000,75502.0,12,6,2500.0,208.333,Bajaj
218,Pulsar 150,70000.0,2019,Individual,1st owner,6500,,4,2,1625.0,135.417,Bajaj
219,Glamour,15000.0,2006,Individual,1st owner,80000,,17,16,4705.882,392.157,Hero Honda
220,Splendor iSmart,50000.0,2017,Individual,2nd owner,10000,52271.0,6,2,1666.667,138.889,Hero
221,Classic 350,145000.0,2017,Individual,1st owner,2200,,6,1,366.667,30.556,Royal Enfield
222,FZ16,25000.0,2008,Individual,1st owner,40000,78712.0,15,8,2666.667,222.222,Yamaha
223,Xtreme Sports,58000.0,2016,Individual,1st owner,21000,80350.0,7,5,3000.0,250.0,Hero
224,Bullet 350 [2007-2011],90000.0,2007,Individual,1st owner,3500,,16,1,218.75,18.229,Royal Enfield
225,Passion,9000.0,2002,Individual,2nd owner,66191,,21,14,3151.952,262.663,Hero Honda
226,Discover 150S,40000.0,2014,Individual,1st owner,50000,63331.0,9,10,5555.556,462.963,Bajaj
227,Scooty Zest 110,28000.0,2015,Individual,1st owner,32800,52372.0,8,7,4100.0,341.667,TVS
228,Avenger Street 150 [2018],50000.0,2016,Individual,1st owner,32000,80435.0,7,7,4571.429,380.952,Bajaj
229,Cygnus Ray ZR,56000.0,2019,Individual,1st owner,3900,58630.0,4,1,975.0,81.25,Yamaha
230,Activa [2000-2015],35000.0,2014,Individual,1st owner,10000,50267.0,9,2,1111.111,92.593,Honda
231,Apache RTR 200 4V,95000.0,2018,Individual,1st owner,9600,,5,2,1920.0,160.0,TVS
232,Shine,30000.0,2010,Individual,1st owner,46782,,13,10,3598.615,299.885,Honda
233,CB Hornet 160R,95000.0,2019,Individual,1st owner,8000,94703.0,4,2,2000.0,166.667,Honda
234,Activa i [2016-2017],40000.0,2017,Individual,1st owner,11000,53436.0,6,3,1833.333,152.778,Honda
235,Karizma 2014,30000.0,2014,Individual,2nd owner,51000,86744.0,9,11,5666.667,472.222,Hero
236,Discover 100 T,18000.0,2013,Individual,1st owner,45000,47032.0,10,9,4500.0,375.0,Bajaj
237,Aviator,14000.0,2008,Individual,1st owner,66000,59183.0,15,14,4400.0,366.667,Honda
238,Splendor Plus,17000.0,2010,Individual,2nd owner,50000,,13,10,3846.154,320.513,Hero
239,Thunderbird 350,125000.0,2017,Individual,1st owner,23500,,6,5,3916.667,326.389,Royal Enfield
240,CT 110,20000.0,2015,Individual,1st owner,25000,,8,5,3125.0,260.417,Bajaj
241,Passion PRO i3s,50000.0,2017,Individual,1st owner,41000,56925.0,6,9,6833.333,569.444,Hero
242,RC 390,210000.0,2017,Individual,1st owner,12000,,6,3,2000.0,166.667,KTM
243,Pulsar 220F,70000.0,2018,Individual,1st owner,33000,,5,7,6600.0,550.0,Bajaj
244,Maestro Edge,40000.0,2017,Individual,1st owner,15000,55980.0,6,3,2500.0,208.333,Hero
245,Xcd,10000.0,2008,Individual,1st owner,50000,,15,10,3333.333,277.778,Bajaj
246,Pulsar 150,35000.0,2010,Individual,1st owner,40000,,13,8,3076.923,256.41,Bajaj
247,Centra,10000.0,2005,Individual,1st owner,50000,,18,10,2777.778,231.481,TVS
248,Activa 3G,42000.0,2015,Individual,1st owner,20000,54605.0,8,4,2500.0,208.333,Honda
249,FZ16,20000.0,2009,Individual,1st owner,50000,78712.0,14,10,3571.429,297.619,Yamaha
250,Maestro Edge,25000.0,2017,Individual,1st owner,55000,52790.0,6,11,9166.667,763.889,Hero
251,Discover 125,25000.0,2016,Individual,1st owner,70350,60122.0,7,15,10050.0,837.5,Bajaj
252,Thunderbird 350X,145000.0,2019,Individual,1st owner,2700,164004.0,4,1,675.0,56.25,Royal Enfield
253,Super Splendor,50000.0,2016,Individual,1st owner,20000,,7,4,2857.143,238.095,Hero
254,Scooty Pep Plus,30000.0,2011,Individual,1st owner,20000,,12,4,1666.667,138.889,TVS
255,FZ V 2.0,60000.0,2014,Individual,1st owner,41311,81508.0,9,9,4590.111,382.509,Yamaha
256,Splendor Plus,15000.0,2005,Individual,1st owner,65000,,18,13,3611.111,300.926,Hero Honda
257,CD Deluxe,15000.0,2014,Individual,2nd owner,34000,,9,7,3777.778,314.815,Hero
258,Passion PRO [2012],25000.0,2011,Individual,1st owner,20000,,12,4,1666.667,138.889,Hero Honda
259,HF Deluxe i3s,54000.0,2019,Individual,1st owner,11000,,4,3,2750.0,229.167,Hero
260,Xcd,25000.0,2007,Individual,1st owner,75000,,16,15,4687.5,390.625,Bajaj
261,Interceptor 650,260000.0,2019,Individual,1st owner,1200,,4,1,300.0,25.0,Royal Enfield
262,CBR-250R,100000.0,2014,Individual,1st owner,19000,199275.0,9,4,2111.111,175.926,Honda
263,Kristal,15000.0,2007,Individual,1st owner,30000,,16,6,1875.0,156.25,Bajaj
264,Splendor Plus,20000.0,2006,Individual,1st owner,23000,,17,5,1352.941,112.745,Hero Honda
265,Dream Yuga,35000.0,2014,Individual,1st owner,10000,56147.0,9,2,1111.111,92.593,Honda
266,FZ S V 2.0,50000.0,2016,Individual,1st owner,40000,87042.0,7,8,5714.286,476.19,Yamaha
267,Xpulse 200,90000.0,2019,Individual,1st owner,8600,107500.0,4,2,2150.0,179.167,Hero
268,V15,40000.0,2016,Individual,1st owner,45000,67187.0,7,9,6428.571,535.714,Bajaj
269,Avenger Street 220,80000.0,2016,Individual,1st owner,7200,95955.0,7,2,1028.571,85.714,Bajaj
270,Discover 135,20000.0,2010,Individual,1st owner,31195,,13,7,2399.615,199.968,Bajaj
271,CB Unicorn 150,70000.0,2017,Individual,1st owner,18000,74295.0,6,4,3000.0,250.0,Honda
272,SXL 149,98000.0,2019,Individual,1st owner,1000,,4,1,250.0,20.833,Vespa
273,Machismo,75000.0,2008,Individual,2nd owner,17000,,15,4,1133.333,94.444,Royal Enfield
274,CB Shine SP,50000.0,2016,Individual,1st owner,46000,67214.0,7,10,6571.429,547.619,Honda
275,CB Unicorn 150,40000.0,2014,Individual,1st owner,77592,74295.0,9,16,8621.333,718.444,Honda
276,CB Unicorn 150,75000.0,2013,Individual,1st owner,54000,74295.0,10,11,5400.0,450.0,Honda
277,CB Unicorn 150,50000.0,2013,Individual,1st owner,17000,74295.0,10,4,1700.0,141.667,Honda
278,Pulsar 150,60000.0,2014,Individual,1st owner,60000,,9,12,6666.667,555.556,Bajaj
279,Apache RTR 160,50000.0,2016,Individual,1st owner,40000,,7,8,5714.286,476.19,TVS
280,Dio,35000.0,2014,Individual,1st owner,25000,,9,5,2777.778,231.481,Honda
281,Thunderbird 350,160000.0,2018,Individual,1st owner,19000,,5,4,3800.0,316.667,Royal Enfield
282,Maestro,25000.0,2015,Individual,2nd owner,40000,49412.0,8,8,5000.0,416.667,Hero
283,CBZ extreme,42000.0,2010,Individual,1st owner,51000,,13,11,3923.077,326.923,Hero Honda
284,Dominar 400,200000.0,2019,Individual,1st owner,7600,,4,2,1900.0,158.333,Bajaj
285,Activa 125,40000.0,2014,Individual,1st owner,14965,,9,3,1662.778,138.565,Honda
286,Classic Desert Storm,130000.0,2015,Individual,2nd owner,25000,181445.0,8,5,3125.0,260.417,Royal Enfield
287,250 Duke,195000.0,2019,Individual,1st owner,6000,,4,2,1500.0,125.0,KTM
288,RC 390,270000.0,2019,Individual,1st owner,2380,,4,1,595.0,49.583,KTM
289,Ninja 650 [2018-2019],425000.0,2017,Individual,2nd owner,13600,599000.0,6,3,2266.667,188.889,Kawasaki
290,Apache RTR 200 4V,85000.0,2018,Individual,1st owner,10000,,5,2,2000.0,166.667,TVS
291,Ninja 250R,125000.0,2010,Individual,2nd owner,21000,317934.0,13,5,1615.385,134.615,Kawasaki
292,Wego,45000.0,2018,Individual,1st owner,10000,54760.0,5,2,2000.0,166.667,TVS
293,CBR-250R,85000.0,2014,Individual,2nd owner,18600,171646.0,9,4,2066.667,172.222,Honda
294,Pulsar NS200,85000.0,2018,Individual,1st owner,7750,,5,2,1550.0,129.167,Bajaj
295,GSX S750,760000.0,2019,Individual,1st owner,2800,752020.0,4,1,700.0,58.333,Suzuki
296,Thunderbird 350,100000.0,2015,Individual,1st owner,30000,,8,6,3750.0,312.5,Royal Enfield
297,Classic 350,95000.0,2015,Individual,1st owner,9800,,8,2,1225.0,102.083,Royal Enfield
298,CB Shine SP,48000.0,2015,Individual,1st owner,25000,67469.0,8,5,3125.0,260.417,Honda
299,Avenger Street 150 [2018],40000.0,2016,Individual,1st owner,29689,80435.0,7,6,4241.286,353.44,Bajaj
300,CBF Stunner,37000.0,2014,Individual,1st owner,43000,58757.0,9,9,4777.778,398.148,Honda
301,Avenger [2015],38000.0,2014,Individual,2nd owner,28243,75502.0,9,6,3138.111,261.509,Bajaj
302,Gixxer [2014-2018],55000.0,2015,Individual,1st owner,25000,78316.0,8,5,3125.0,260.417,Suzuki
303,Access 125,45000.0,2017,Individual,1st owner,22300,,6,5,3716.667,309.722,Suzuki
304,Scooty Streak,18000.0,2009,Individual,2nd owner,33595,44140.0,14,7,2399.643,199.97,TVS
305,Thunderbird 350X,140000.0,2018,Individual,1st owner,5505,,5,2,1101.0,91.75,Royal Enfield
306,Rx,70000.0,2000,Individual,3rd owner,5000,,23,1,217.391,18.116,Yamaha
307,Splendor Plus,15000.0,2007,Individual,1st owner,30000,,16,6,1875.0,156.25,Hero Honda
308,Pulsar 125,65000.0,2019,Individual,1st owner,16000,,4,4,4000.0,333.333,Bajaj
309,Activa 5G,42000.0,2018,Individual,1st owner,22000,57557.0,5,5,4400.0,366.667,Honda
310,Fazer Dlx,58000.0,2012,Individual,1st owner,40000,,11,8,3636.364,303.03,Yamaha
311,Street 750,330000.0,2014,Individual,4th owner,6500,534000.0,9,2,722.222,60.185,Harley-Davidson
312,Xtreme 2014,35000.0,2013,Individual,1st owner,15000,72973.0,10,3,1500.0,125.0,Hero
313,Classic 350,162000.0,2018,Individual,1st owner,17365,,5,4,3473.0,289.417,Royal Enfield
314,Hunk,28000.0,2009,Individual,1st owner,40000,,14,8,2857.143,238.095,Hero Honda
315,Interceptor 650,285000.0,2019,Individual,1st owner,5500,,4,2,1375.0,114.583,Royal Enfield
316,Classic 350,125000.0,2017,Individual,1st owner,33900,,6,7,5650.0,470.833,Royal Enfield
317,Pulsar 150 [2001-2011],15000.0,2005,Individual,1st owner,47670,,18,10,2648.333,220.694,Bajaj
318,Activa [2000-2015],29500.0,2013,Individual,1st owner,45000,50267.0,10,9,4500.0,375.0,Honda
319,Apache RR310,200000.0,2019,Individual,1st owner,5000,,4,1,1250.0,104.167,TVS
320,Standard,160000.0,2019,Individual,1st owner,5700,,4,2,1425.0,118.75,Jawa
321,Splendor PRO,30000.0,2012,Individual,1st owner,22866,,11,5,2078.727,173.227,Hero Honda
322,FZ25,110000.0,2019,Individual,1st owner,10000,133680.0,4,2,2500.0,208.333,Yamaha
323,Pulsar 220F,70000.0,2016,Individual,1st owner,31000,,7,7,4428.571,369.048,Bajaj
324,Fascino 110,69000.0,2019,Individual,1st owner,1600,57112.0,4,1,400.0,33.333,Yamaha
325,FZ16,30000.0,2011,Individual,1st owner,44000,78712.0,12,9,3666.667,305.556,Yamaha
326,FZ16,30000.0,2010,Individual,1st owner,70000,78712.0,13,14,5384.615,448.718,Yamaha
327,Star City Plus,42000.0,2017,Individual,1st owner,21000,,6,5,3500.0,291.667,TVS
328,Classic 350,160000.0,2018,Individual,1st owner,17365,,5,4,3473.0,289.417,Royal Enfield
329,Pulsar 135 LS,20000.0,2010,Individual,1st owner,80000,64589.0,13,16,6153.846,512.82,Bajaj
330,Access 125,45000.0,2017,Individual,1st owner,15000,,6,3,2500.0,208.333,Suzuki
331,Pulsar 135 LS,23000.0,2010,Individual,1st owner,77000,64589.0,13,16,5923.077,493.59,Bajaj
332,Renegade Commando,140000.0,2017,Individual,2nd owner,40000,180525.0,6,8,6666.667,555.556,UM
333,Splendor Plus,12000.0,2005,Individual,1st owner,48000,,18,10,2666.667,222.222,Hero Honda
334,Passion PRO i3s,50000.0,2017,Individual,1st owner,18000,56925.0,6,4,3000.0,250.0,Hero
335,Classic 350,140000.0,2018,Individual,1st owner,20000,,5,4,4000.0,333.333,Royal Enfield
336,Activa 5G,55000.0,2019,Individual,1st owner,9000,59422.0,4,2,2250.0,187.5,Honda
337,Fascino 110,45000.0,2016,Individual,1st owner,56000,54500.0,7,12,8000.0,666.667,Yamaha
338,Splendor Plus,25000.0,2012,Individual,1st owner,50000,,11,10,4545.455,378.788,Hero
339,Thunderbird 350,90000.0,2014,Individual,1st owner,12000,,9,3,1333.333,111.111,Royal Enfield
340,YZF R15 V3,120000.0,2018,Individual,1st owner,11500,,5,3,2300.0,191.667,Yamaha
341,RC 200,120000.0,2015,Individual,1st owner,20000,,8,4,2500.0,208.333,KTM
342,Radeon,35000.0,2017,Individual,1st owner,20000,66492.0,6,4,3333.333,277.778,TVS
343,HF Deluxe,35000.0,2017,Individual,1st owner,27000,,6,6,4500.0,375.0,Hero
344,G310GS,300000.0,2018,Individual,1st owner,2500,349000.0,5,1,500.0,41.667,BMW
345,Thunderbird 350,87000.0,2012,Individual,1st owner,20477,,11,5,1861.545,155.129,Royal Enfield
346,Splendor Plus,18000.0,2010,Individual,1st owner,35700,,13,8,2746.154,228.846,Hero Honda
347,FZ S V 2.0,50000.0,2014,Individual,1st owner,70000,84042.0,9,14,7777.778,648.148,Yamaha
348,Avenger Street 220,60000.0,2016,Individual,1st owner,29000,95955.0,7,6,4142.857,345.238,Bajaj
349,Splendor Plus,15000.0,2004,Individual,1st owner,14500,,19,3,763.158,63.596,Hero Honda
350,Platina 100,30000.0,2018,Individual,1st owner,37000,,5,8,7400.0,616.667,Bajaj
351,Thunderbird 350X,160000.0,2018,Individual,1st owner,3246,,5,1,649.2,54.1,Royal Enfield
352,CB Unicorn 150,50000.0,2016,Individual,1st owner,27000,74295.0,7,6,3857.143,321.429,Honda
353,Gixxer [2014-2018],62000.0,2017,Individual,1st owner,15000,78316.0,6,3,2500.0,208.333,Suzuki
354,Platina 100,45000.0,2019,Individual,1st owner,15000,,4,3,3750.0,312.5,Bajaj
355,Thunderbird 350,120000.0,2017,Individual,1st owner,4050,,6,1,675.0,56.25,Royal Enfield
356,Thunderbird 500,125000.0,2014,Individual,1st owner,25000,190874.0,9,5,2777.778,231.481,Royal Enfield
357,Pulsar AS150,50000.0,2015,Individual,1st owner,5000,80821.0,8,1,625.0,52.083,Bajaj
358,Pulsar 150,30000.0,2012,Individual,2nd owner,5000,,11,1,454.545,37.879,Bajaj
359,Pleasure,40000.0,2014,Individual,1st owner,14000,51600.0,9,3,1555.556,129.63,Hero
360,Aviator,41000.0,2013,Individual,1st owner,36500,63537.0,10,8,3650.0,304.167,Honda
361,Thunderbird 350,120000.0,2017,Individual,2nd owner,9000,,6,2,1500.0,125.0,Royal Enfield
362,Ignitor,35000.0,2014,Individual,1st owner,33200,67722.0,9,7,3688.889,307.407,Hero
363,CD100SS,10000.0,1997,Individual,1st owner,646000,,26,130,24846.154,2070.513,Hero Honda
364,Apache RTR 160,35000.0,2011,Individual,1st owner,25000,,12,5,2083.333,173.611,TVS
365,Achiever 150,38000.0,2017,Individual,1st owner,26000,69750.0,6,6,4333.333,361.111,Hero
366,LX 125,50000.0,2015,Individual,1st owner,3909,77900.0,8,1,488.625,40.719,Vespa
367,Activa 3G,40000.0,2015,Individual,1st owner,7672,54605.0,8,2,959.0,79.917,Honda
368,Splendor Plus i3s,70000.0,2019,Individual,1st owner,3000,55600.0,4,1,750.0,62.5,Hero
369,Classic 350,140000.0,2016,Individual,1st owner,3654,,7,1,522.0,43.5,Royal Enfield
370,Maestro,26500.0,2016,Individual,2nd owner,40000,53830.0,7,8,5714.286,476.19,Hero
371,Glamour 125,38000.0,2016,Dealer,1st owner,5500,61600.0,7,2,785.714,65.476,Hero
372,FZ16,60000.0,2016,Individual,1st owner,29950,78712.0,7,6,4278.571,356.548,Yamaha
373,Himalayan,145000.0,2017,Individual,1st owner,14000,,6,3,2333.333,194.444,Royal Enfield
374,FZ S V 2.0,78000.0,2017,Individual,1st owner,26100,84480.0,6,6,4350.0,362.5,Yamaha
375,Maestro Edge,58000.0,2018,Individual,1st owner,6000,54580.0,5,2,1200.0,100.0,Hero
376,FZ25,130000.0,2017,Individual,1st owner,4000,132680.0,6,1,666.667,55.556,Yamaha
377,Victor,20000.0,2001,Individual,1st owner,50000,54852.0,22,10,2272.727,189.394,TVS
378,Dominar 400 [2018],150000.0,2018,Individual,1st owner,5475,163331.0,5,2,1095.0,91.25,Bajaj
379,Pulsar 180,32000.0,2012,Individual,1st owner,40000,85011.0,11,8,3636.364,303.03,Bajaj
380,Pulsar 180,50000.0,2017,Individual,1st owner,20500,85011.0,6,5,3416.667,284.722,Bajaj
381,200 Duke,120000.0,2017,Individual,1st owner,4100,,6,1,683.333,56.944,KTM
382,Avenger Street 150 [2018],60000.0,2016,Individual,2nd owner,23097,80435.0,7,5,3299.571,274.964,Bajaj
383,Discover 100 M,20000.0,2011,Individual,1st owner,37734,44756.0,12,8,3144.5,262.042,Bajaj
384,Bullet 350 [2007-2011],65000.0,2011,Individual,2nd owner,65000,,12,13,5416.667,451.389,Royal Enfield
385,YZF R15 S,70000.0,2016,Individual,1st owner,8000,117926.0,7,2,1142.857,95.238,Yamaha
386,FZ V 2.0,35000.0,2014,Individual,1st owner,13500,81508.0,9,3,1500.0,125.0,Yamaha
387,Avenger Street 220,95000.0,2018,Individual,1st owner,23000,95955.0,5,5,4600.0,383.333,Bajaj
388,Pulsar 150,8000.0,2005,Individual,1st owner,58000,,18,12,3222.222,268.519,Bajaj
389,Thunderbird 350,85000.0,2010,Individual,1st owner,15000,,13,3,1153.846,96.154,Royal Enfield
390,Achiever 150,65000.0,2016,Individual,1st owner,29000,69750.0,7,6,4142.857,345.238,Hero
391,Passion Pro 110,39000.0,2013,Individual,1st owner,20000,,10,4,2000.0,166.667,Hero
392,Duet,45000.0,2017,Individual,1st owner,35000,50280.0,6,7,5833.333,486.111,Hero
393,Avenger Street 150 [2018],60000.0,2016,Individual,1st owner,45137,80435.0,7,10,6448.143,537.345,Bajaj
394,Classic Stealth Black,160000.0,2018,Individual,1st owner,7500,204977.0,5,2,1500.0,125.0,Royal Enfield
395,Pulsar 150,35000.0,2011,Individual,1st owner,35600,,12,8,2966.667,247.222,Bajaj
396,Pulsar 135 LS,40000.0,2018,Individual,1st owner,15000,64589.0,5,3,3000.0,250.0,Bajaj
397,Fazer [2009-2016],40000.0,2012,Individual,1st owner,7353,84751.0,11,2,668.455,55.705,Yamaha
398,CB Hornet 160R,56000.0,2017,Individual,2nd owner,13200,87543.0,6,3,2200.0,183.333,Honda
399,CB Unicorn Dazzler,22000.0,2011,Individual,1st owner,38350,71757.0,12,8,3195.833,266.319,Honda
400,YBR 125,36000.0,2014,Individual,1st owner,20400,54593.0,9,5,2266.667,188.889,Yamaha
401,Intruder 150 Fi,100000.0,2018,Individual,1st owner,14500,110240.0,5,3,2900.0,241.667,Suzuki
402,V15,42000.0,2016,Individual,1st owner,19500,67187.0,7,4,2785.714,232.143,Bajaj
403,Electra 5 S,85000.0,2008,Individual,1st owner,20000,,15,4,1333.333,111.111,Royal Enfield
404,Passion PRO TR,45000.0,2014,Individual,1st owner,36000,54586.0,9,8,4000.0,333.333,Hero
405,FZ25,145000.0,2019,Individual,1st owner,4500,133680.0,4,1,1125.0,93.75,Yamaha
406,Karizma [2003-2014],50000.0,2013,Individual,1st owner,38000,85766.0,10,8,3800.0,316.667,Hero
407,Interceptor 650,270000.0,2019,Individual,1st owner,9000,,4,2,2250.0,187.5,Royal Enfield
408,Thunderbird 350,60000.0,2006,Individual,1st owner,40000,,17,8,2352.941,196.078,Royal Enfield
409,Classic Squadron Blue,140000.0,2017,Individual,1st owner,25000,181445.0,6,5,4166.667,347.222,Royal Enfield
410,Splendor Plus,28000.0,2008,Individual,1st owner,70889,,15,15,4725.933,393.828,Hero Honda
411,390 Duke ABS [2013-2016],180000.0,2015,Individual,2nd owner,13125,202127.0,8,3,1640.625,136.719,KTM
412,Pulsar 180,42000.0,2014,Individual,2nd owner,19600,85011.0,9,4,2177.778,181.481,Bajaj
413,Access 125 [2007-2016],16000.0,2011,Individual,1st owner,40000,58314.0,12,8,3333.333,277.778,Suzuki
414,Splendor iSmart,40000.0,2015,Individual,1st owner,19055,52271.0,8,4,2381.875,198.49,Hero
415,Pulsar 180,38000.0,2012,Individual,2nd owner,57000,85011.0,11,12,5181.818,431.818,Bajaj
416,YZF R15 S,85000.0,2017,Individual,1st owner,13000,117926.0,6,3,2166.667,180.556,Yamaha
417,Aviator,28000.0,2013,Individual,1st owner,28087,63537.0,10,6,2808.7,234.058,Honda
418,200 Duke,135000.0,2018,Individual,1st owner,24000,,5,5,4800.0,400.0,KTM
419,Thunderbird 350,120000.0,2016,Individual,1st owner,24600,,7,5,3514.286,292.857,Royal Enfield
420,Karizma ZMR,37000.0,2010,Individual,1st owner,27500,108000.0,13,6,2115.385,176.282,Hero
421,Classic Chrome,135000.0,2015,Individual,1st owner,45000,189313.0,8,9,5625.0,468.75,Royal Enfield
422,Splendor,10000.0,2000,Individual,1st owner,61000,,23,13,2652.174,221.014,Hero Honda
423,Rodeo,20000.0,2013,Individual,1st owner,7000,47343.0,10,2,700.0,58.333,Mahindra
424,Apache RTR 160,83299.0,2019,Individual,1st owner,6400,,4,2,1600.0,133.333,TVS
425,Fazer FI V 2.0 [2016-2018],65000.0,2018,Individual,1st owner,3500,89643.0,5,1,700.0,58.333,Yamaha
426,Activa 5G,50000.0,2018,Individual,1st owner,14000,59422.0,5,3,2800.0,233.333,Honda
427,Pulsar 220 Fi,65000.0,2013,Individual,1st owner,6409,,10,2,640.9,53.408,Bajaj
428,Karizma ZMR [2010],45000.0,2012,Individual,3rd owner,44000,,11,9,4000.0,333.333,Hero Honda
429,CB Hornet 160R,60000.0,2017,Individual,1st owner,16500,92210.0,6,4,2750.0,229.167,Honda
430,Bullet 350,110000.0,2015,Individual,1st owner,36000,,8,8,4500.0,375.0,Royal Enfield
431,CD Deluxe,14700.0,2005,Individual,2nd owner,30000,,18,6,1666.667,138.889,Hero Honda
432,Saluto,38000.0,2015,Individual,1st owner,15000,63180.0,8,3,1875.0,156.25,Yamaha
433,Access 125,70000.0,2018,Individual,1st owner,14500,,5,3,2900.0,241.667,Suzuki
434,Sport,35000.0,2018,Individual,1st owner,26600,,5,6,5320.0,443.333,TVS
435,Glamour,19000.0,2012,Individual,1st owner,32000,,11,7,2909.091,242.424,Hero Honda
436,125 Duke,130000.0,2019,Individual,1st owner,3500,,4,1,875.0,72.917,KTM
437,Pulsar NS200,50000.0,2013,Dealer,1st owner,58203,,10,12,5820.3,485.025,Bajaj
438,Pulsar 150 [2001-2011],18000.0,2005,Individual,1st owner,21885,,18,5,1215.833,101.319,Bajaj
439,Xtreme 200R,87000.0,2019,Individual,1st owner,3200,93400.0,4,1,800.0,66.667,Hero
440,Splendor Plus,40000.0,2007,Individual,1st owner,40000,,16,8,2500.0,208.333,Hero Honda
441,Discover 150S,35000.0,2015,Individual,1st owner,28000,63331.0,8,6,3500.0,291.667,Bajaj
442,CBR-250R,100000.0,2011,Individual,2nd owner,3500,171646.0,12,1,291.667,24.306,Honda
443,Pleasure,30000.0,2013,Individual,1st owner,24000,51600.0,10,5,2400.0,200.0,Hero
444,Avenger Cruise 220,95000.0,2018,Individual,1st owner,1800,,5,1,360.0,30.0,Bajaj
445,Discover 125 ST,25000.0,2012,Individual,1st owner,76000,58438.0,11,16,6909.091,575.758,Bajaj
446,Pulsar 150 [2001-2011],26500.0,2010,Individual,1st owner,52500,,13,11,4038.462,336.538,Bajaj
447,Boxer,12000.0,2008,Individual,1st owner,17500,,15,4,1166.667,97.222,Bajaj
448,Pulsar 150,20000.0,2006,Individual,1st owner,41000,,17,9,2411.765,200.98,Bajaj
449,Classic Signals,195000.0,2018,Individual,1st owner,2845,164095.0,5,1,569.0,47.417,Royal Enfield
450,Pulsar 180,14900.0,2007,Individual,1st owner,50000,85011.0,16,10,3125.0,260.417,Bajaj
451,Dream Yuga,48000.0,2018,Individual,1st owner,7110,56147.0,5,2,1422.0,118.5,Honda
452,FZ S [2012-2016],40000.0,2014,Individual,1st owner,27785,79432.0,9,6,3087.222,257.269,Yamaha
453,CB Unicorn,45000.0,2010,Individual,1st owner,75000,71681.0,13,15,5769.231,480.769,Honda
454,Shine,25000.0,2010,Individual,1st owner,20000,,13,4,1538.462,128.205,Honda
455,Activa 3G,25000.0,2011,Individual,1st owner,20000,54605.0,12,4,1666.667,138.889,Honda
456,Activa [2000-2015],10000.0,2009,Individual,1st owner,60000,50267.0,14,12,4285.714,357.143,Honda
457,Flyte,22000.0,2009,Individual,3rd owner,20000,44493.0,14,4,1428.571,119.048,Mahindra
458,Activa 3G,45000.0,2015,Individual,1st owner,18000,54605.0,8,4,2250.0,187.5,Honda
459,250 Duke,135000.0,2017,Individual,1st owner,16500,,6,4,2750.0,229.167,KTM
460,Ray Z,75000.0,2017,Individual,1st owner,15000,52949.0,6,3,2500.0,208.333,Yamaha
461,Pulsar 135 LS,24000.0,2010,Individual,1st owner,45000,64589.0,13,9,3461.538,288.462,Bajaj
462,FZ16,45000.0,2016,Individual,1st owner,37000,78712.0,7,8,5285.714,440.476,Yamaha
463,Passion PRO i3s,55000.0,2017,Individual,1st owner,14600,54475.0,6,3,2433.333,202.778,Hero
464,Discover 125,10000.0,2006,Individual,1st owner,51000,57549.0,17,11,3000.0,250.0,Bajaj
465,Classic 350,135000.0,2017,Individual,1st owner,15000,,6,3,2500.0,208.333,Royal Enfield
466,CB Unicorn 150,55000.0,2017,Individual,1st owner,12000,74295.0,6,3,2000.0,166.667,Honda
467,Avenger [2015],35000.0,2012,Individual,1st owner,15000,75502.0,11,3,1363.636,113.636,Bajaj
468,Super,20000.0,1988,Individual,1st owner,21000,,35,5,600.0,50.0,Bajaj
469,Pulsar 150,26000.0,2012,Individual,2nd owner,65000,,11,13,5909.091,492.424,Bajaj
470,Activa [2000-2015],23000.0,2009,Individual,1st owner,95000,50267.0,14,19,6785.714,565.476,Honda
471,Classic Desert Storm,150000.0,2015,Individual,1st owner,23000,181445.0,8,5,2875.0,239.583,Royal Enfield
472,CD Deluxe,24700.0,2012,Individual,2nd owner,40000,,11,8,3636.364,303.03,Hero Honda
473,Duet,35000.0,2016,Individual,2nd owner,49637,54080.0,7,10,7091.0,590.917,Hero
474,Passion PRO [2012],12000.0,2012,Individual,1st owner,90000,,11,18,8181.818,681.818,Hero Honda
475,Classic 350,150000.0,2017,Individual,1st owner,7000,,6,2,1166.667,97.222,Royal Enfield
476,Activa 3G,50000.0,2016,Individual,1st owner,5326,54605.0,7,2,760.857,63.405,Honda
477,Activa [2000-2015],25000.0,2009,Individual,1st owner,585659,50267.0,14,118,41832.786,3486.066,Honda
478,CD100,15000.0,1999,Dealer,2nd owner,10000,,24,2,416.667,34.722,Hero Honda
479,Super Splendor,35000.0,2014,Individual,2nd owner,37541,,9,8,4171.222,347.602,Hero
480,CB Trigger,45000.0,2015,Individual,1st owner,36000,83437.0,8,8,4500.0,375.0,Honda
481,Dream Yuga,25000.0,2013,Individual,1st owner,29000,56147.0,10,6,2900.0,241.667,Honda
482,Passion Plus,40000.0,2018,Individual,1st owner,29000,,5,6,5800.0,483.333,Hero Honda
483,Spectra,17000.0,2008,Individual,1st owner,50000,,15,10,3333.333,277.778,TVS
484,Ignitor,30000.0,2016,Individual,1st owner,18000,67722.0,7,4,2571.429,214.286,Hero
485,CD100,15000.0,2000,Individual,1st owner,50000,,23,10,2173.913,181.159,Hero Honda
486,Pulsar 220F,60000.0,2017,Individual,2nd owner,40000,,6,8,6666.667,555.556,Bajaj
487,Splendor Plus,30000.0,2013,Individual,1st owner,20000,,10,4,2000.0,166.667,Hero
488,YZF R15 [2011-2018],60000.0,2012,Individual,1st owner,22000,118997.0,11,5,2000.0,166.667,Yamaha
489,Activa 3G,32000.0,2015,Individual,1st owner,4500,54605.0,8,1,562.5,46.875,Honda
490,Discover 150,30000.0,2012,Individual,1st owner,50000,54299.0,11,10,4545.455,378.788,Bajaj
491,Pulsar 150 [2001-2011],55000.0,2010,Individual,1st owner,42000,,13,9,3230.769,269.231,Bajaj
492,Avenger Street 150 [2018],75000.0,2016,Individual,1st owner,35000,80435.0,7,7,5000.0,416.667,Bajaj
493,Star City Plus,52000.0,2017,Individual,1st owner,25000,,6,5,4166.667,347.222,TVS
494,Discover 125,38000.0,2018,Individual,1st owner,34000,60122.0,5,7,6800.0,566.667,Bajaj
495,Discover 135,12000.0,2007,Individual,1st owner,60000,,16,12,3750.0,312.5,Bajaj
496,CB Shine SP,47000.0,2017,Individual,1st owner,73000,64750.0,6,15,12166.667,1013.889,Honda
497,Activa [2000-2015],22000.0,2014,Individual,1st owner,38000,50267.0,9,8,4222.222,351.852,Honda
498,Avenger [2015],65000.0,2015,Individual,1st owner,26000,75502.0,8,6,3250.0,270.833,Bajaj
499,Platina 100,23000.0,2013,Individual,2nd owner,24000,,10,5,2400.0,200.0,Bajaj
500,Discover 100,30000.0,2011,Individual,1st owner,45000,42859.0,12,9,3750.0,312.5,Bajaj
501,Pulsar 150,35000.0,2011,Individual,1st owner,36000,,12,8,3000.0,250.0,Bajaj
502,Avenger Street 150 [2018],80000.0,2017,Individual,1st owner,30000,80435.0,6,6,5000.0,416.667,Bajaj
503,Platina 100,20000.0,2012,Individual,1st owner,16295,,11,4,1481.364,123.447,Bajaj
504,Pulsar 150,16000.0,2011,Individual,2nd owner,59000,,12,12,4916.667,409.722,Bajaj
505,Pulsar 150,20000.0,2006,Individual,1st owner,9500,,17,2,558.824,46.569,Bajaj
506,Pulsar NS200,50000.0,2012,Individual,1st owner,46000,,11,10,4181.818,348.485,Bajaj
507,CB Trigger,40000.0,2015,Individual,1st owner,75000,76572.0,8,15,9375.0,781.25,Honda
508,Pulsar 135 LS,20000.0,2010,Individual,1st owner,80000,64589.0,13,16,6153.846,512.82,Bajaj
509,Pulsar 180,65000.0,2018,Individual,1st owner,26000,85011.0,5,6,5200.0,433.333,Bajaj
510,YZF R15 S,85000.0,2016,Individual,1st owner,26000,117926.0,7,6,3714.286,309.524,Yamaha
511,Splendor Plus,12000.0,2007,Individual,1st owner,100000,,16,20,6250.0,520.833,Hero
512,Xpulse 200T,105000.0,2019,Individual,1st owner,2900,96500.0,4,1,725.0,60.417,Hero
513,FZ S V 2.0,40000.0,2015,Individual,1st owner,25000,84042.0,8,5,3125.0,260.417,Yamaha
514,Discover 150,30000.0,2011,Individual,2nd owner,39500,54299.0,12,8,3291.667,274.306,Bajaj
515,Activa [2000-2015],25000.0,2012,Individual,1st owner,40000,50267.0,11,8,3636.364,303.03,Honda
516,Splendor PRO,40000.0,2016,Individual,1st owner,16000,51994.0,7,4,2285.714,190.476,Hero
517,Dream Neo,45000.0,2017,Individual,2nd owner,21000,49211.0,6,5,3500.0,291.667,Honda
518,CT 100,40000.0,2018,Individual,1st owner,14000,,5,3,2800.0,233.333,Bajaj
519,Access 125,70000.0,2018,Individual,1st owner,7000,76632.0,5,2,1400.0,116.667,Suzuki
520,Activa [2000-2015],30000.0,2012,Individual,1st owner,22000,50267.0,11,5,2000.0,166.667,Honda
521,Pleasure,25000.0,2009,Individual,1st owner,50000,,14,10,3571.429,297.619,Hero Honda
522,Platina 100,20000.0,2012,Individual,1st owner,16295,,11,4,1481.364,123.447,Bajaj
523,CB Hornet 160R,70000.0,2017,Individual,1st owner,35000,87719.0,6,7,5833.333,486.111,Honda
524,V15,50000.0,2017,Individual,1st owner,9000,65626.0,6,2,1500.0,125.0,Bajaj
525,CD Deluxe,25000.0,2010,Individual,1st owner,35000,,13,7,2692.308,224.359,Hero Honda
526,Pulsar 150,22000.0,2011,Individual,1st owner,60000,,12,12,5000.0,416.667,Bajaj
527,Activa [2000-2015],35000.0,2013,Individual,1st owner,29500,50267.0,10,6,2950.0,245.833,Honda
528,Apache RTR 160,40000.0,2014,Individual,2nd owner,50000,,9,10,5555.556,462.963,TVS
529,Pulsar 220F,75000.0,2016,Individual,1st owner,10500,,7,3,1500.0,125.0,Bajaj
530,Passion PRO [2012],28000.0,2011,Individual,2nd owner,60000,,12,12,5000.0,416.667,Hero Honda
531,Maestro Edge,55000.0,2018,Individual,1st owner,39000,52790.0,5,8,7800.0,650.0,Hero
532,Dio,30000.0,2014,Individual,1st owner,24000,,9,5,2666.667,222.222,Honda
533,Glamour 125,40000.0,2016,Individual,1st owner,15000,61600.0,7,3,2142.857,178.571,Hero
534,Avenger Street 160,85000.0,2019,Individual,1st owner,3000,,4,1,750.0,62.5,Bajaj
535,CD Deluxe,12000.0,2007,Individual,2nd owner,100000,,16,20,6250.0,520.833,Hero Honda
536,YBR 125,35000.0,2013,Individual,1st owner,20350,54593.0,10,5,2035.0,169.583,Yamaha
537,Pulsar 150,25000.0,2015,Individual,2nd owner,50000,,8,10,6250.0,520.833,Bajaj
538,Pulsar 150,40000.0,2012,Individual,2nd owner,37000,,11,8,3363.636,280.303,Bajaj
539,CD Deluxe,15000.0,2011,Individual,1st owner,70000,,12,14,5833.333,486.111,Hero Honda
540,Passion PRO i3s,55000.0,2018,Individual,1st owner,15000,54475.0,5,3,3000.0,250.0,Hero
541,Pulsar 180,60000.0,2015,Individual,1st owner,28563,85011.0,8,6,3570.375,297.531,Bajaj
542,Fazer 25,115000.0,2018,Individual,1st owner,11000,142680.0,5,3,2200.0,183.333,Yamaha
543,Excel,5000.0,1998,Individual,1st owner,60000,,25,12,2400.0,200.0,TVS
544,Shine,40000.0,2015,Individual,1st owner,21121,,8,5,2640.125,220.01,Honda
545,Dream Neo,50000.0,2014,Individual,1st owner,25000,49211.0,9,5,2777.778,231.481,Honda
546,Dio,28000.0,2014,Individual,1st owner,13000,,9,3,1444.444,120.37,Honda
547,Splendor Plus,35000.0,2013,Individual,1st owner,55000,,10,11,5500.0,458.333,Hero
548,Xcd,25000.0,2007,Individual,2nd owner,100000,,16,20,6250.0,520.833,Bajaj
549,Streak,20000.0,2009,Individual,2nd owner,36000,,14,8,2571.429,214.286,TVS
550,Pulsar 180,40000.0,2013,Individual,1st owner,34000,85011.0,10,7,3400.0,283.333,Bajaj
551,Xtreme 200R,86000.0,2018,Individual,1st owner,12000,93400.0,5,3,2400.0,200.0,Hero
552,YZF R15 [2011-2018],65000.0,2011,Individual,1st owner,29000,,12,6,2416.667,201.389,Yamaha
553,Avenger Street 150 [2018],60000.0,2017,Individual,1st owner,30000,80435.0,6,6,5000.0,416.667,Bajaj
554,RX135,65000.0,1998,Individual,3rd owner,16500,,25,4,660.0,55.0,Yamaha
555,CB Shine SP,41000.0,2017,Individual,1st owner,33000,66697.0,6,7,5500.0,458.333,Honda
556,CBR150 R,110000.0,2017,Individual,1st owner,11800,129662.0,6,3,1966.667,163.889,Honda
557,Dream Yuga,32000.0,2017,Individual,1st owner,39000,56147.0,6,8,6500.0,541.667,Honda
558,Shine,37000.0,2014,Individual,1st owner,16145,,9,4,1793.889,149.491,Honda
559,Splendor Plus i3s,65000.0,2019,Individual,1st owner,1000,55600.0,4,1,250.0,20.833,Hero
560,Passion Plus,18000.0,2007,Individual,2nd owner,50000,,16,10,3125.0,260.417,Hero Honda
561,Passion PRO [2012],28700.0,2012,Individual,2nd owner,49876,,11,10,4534.182,377.849,Hero Honda
562,Activa 3G,35000.0,2016,Individual,1st owner,51000,54605.0,7,11,7285.714,607.143,Honda
563,Pulsar 180F,100000.0,2019,Individual,1st owner,1300,,4,1,325.0,27.083,Bajaj
564,Glamour,21000.0,2010,Individual,1st owner,11000,,13,3,846.154,70.513,Hero Honda
565,Pulsar 150 [2001-2011],30000.0,2010,Individual,2nd owner,55000,,13,11,4230.769,352.564,Bajaj
566,Apache RTR 200 4V,90000.0,2019,Individual,1st owner,20000,,4,4,5000.0,416.667,TVS
567,Super,6000.0,1991,Individual,1st owner,35000,,32,7,1093.75,91.146,Bajaj
568,Passion Plus,23500.0,2010,Individual,1st owner,60000,,13,12,4615.385,384.615,Hero Honda
569,Pulsar 150,55000.0,2015,Individual,2nd owner,40000,,8,8,5000.0,416.667,Bajaj
570,SZ X,35000.0,2010,Individual,1st owner,46000,65800.0,13,10,3538.462,294.872,Yamaha
571,CD100,15000.0,1998,Individual,1st owner,65000,,25,13,2600.0,216.667,Hero Honda
572,Pulsar 180,35000.0,2009,Individual,1st owner,19000,85011.0,14,4,1357.143,113.095,Bajaj
573,Pulsar 220 DTS-i,40000.0,2011,Individual,1st owner,26000,,12,6,2166.667,180.556,Bajaj
574,Achiever,15000.0,2009,Individual,1st owner,86000,,14,18,6142.857,511.905,Hero Honda
575,Karizma,40000.0,2011,Individual,2nd owner,340000,,12,68,28333.333,2361.111,Hero Honda
576,CB Unicorn 160,75000.0,2016,Individual,1st owner,40000,77545.0,7,8,5714.286,476.19,Honda
577,Avenger Cruise 220,70000.0,2016,Individual,1st owner,10000,,7,2,1428.571,119.048,Bajaj
578,Discover 135,22000.0,2007,Individual,1st owner,25000,,16,5,1562.5,130.208,Bajaj
579,FZ S V 2.0,80000.0,2019,Individual,1st owner,10000,87042.0,4,2,2500.0,208.333,Yamaha
580,Pulsar 150,72000.0,2017,Individual,1st owner,24000,,6,5,4000.0,333.333,Bajaj
581,HF Deluxe,30000.0,2014,Individual,2nd owner,35000,,9,7,3888.889,324.074,Hero
582,Pulsar 135 LS,25000.0,2011,Individual,2nd owner,30000,64589.0,12,6,2500.0,208.333,Bajaj
583,SR 125,65000.0,2018,Individual,1st owner,6500,,5,2,1300.0,108.333,Aprilia
584,Pulsar 150,68000.0,2019,Individual,1st owner,10000,,4,2,2500.0,208.333,Bajaj
585,Duet,27000.0,2016,Individual,1st owner,28000,50280.0,7,6,4000.0,333.333,Hero
586,CB Twister,25000.0,2015,Individual,1st owner,35000,57241.0,8,7,4375.0,364.583,Honda
587,Discover 125,45000.0,2016,Individual,1st owner,20000,60122.0,7,4,2857.143,238.095,Bajaj
588,CBR-250R,200000.0,2019,Individual,1st owner,5500,202310.0,4,2,1375.0,114.583,Honda
589,Pulsar 180,20100.0,2008,Individual,1st owner,36000,85011.0,15,8,2400.0,200.0,Bajaj
590,Shine,30000.0,2014,Individual,1st owner,25000,,9,5,2777.778,231.481,Honda
591,Swish [2012-2015],30000.0,2014,Individual,1st owner,30000,51685.0,9,6,3333.333,277.778,Suzuki
592,Star City,21000.0,2011,Individual,1st owner,101000,47108.0,12,21,8416.667,701.389,TVS
593,Super Splendor,45000.0,2012,Individual,1st owner,21000,,11,5,1909.091,159.091,Hero
594,Fazer [2009-2016],45000.0,2014,Individual,1st owner,57700,84751.0,9,12,6411.111,534.259,Yamaha
595,Scooty Pep DLX,14500.0,2012,Individual,1st owner,44000,,11,9,4000.0,333.333,TVS
596,Dream Yuga,47000.0,2019,Individual,1st owner,8800,56147.0,4,2,2200.0,183.333,Honda
597,Star City Plus,26000.0,2014,Individual,2nd owner,68000,,9,14,7555.556,629.63,TVS
598,Fazer [2009-2016],25000.0,2013,Individual,1st owner,120000,84751.0,10,24,12000.0,1000.0,Yamaha
599,Street Smart,10000.0,2000,Individual,1st owner,24000,,23,5,1043.478,86.957,Hero Honda
600,Apache RTR 160,50000.0,2017,Individual,1st owner,38000,,6,8,6333.333,527.778,TVS
601,Dio,23000.0,2010,Individual,1st owner,40000,,13,8,3076.923,256.41,Honda
602,Activa [2000-2015],50000.0,2014,Individual,1st owner,48000,50267.0,9,10,5333.333,444.444,Honda
603,Maestro Edge,46000.0,2015,Individual,1st owner,14000,55980.0,8,3,1750.0,145.833,Hero
604,CB Hornet 160R,80000.0,2017,Individual,1st owner,18000,87719.0,6,4,3000.0,250.0,Honda
605,Karizma [2003-2014],50000.0,2013,Individual,1st owner,38000,85766.0,10,8,3800.0,316.667,Hero
606,CB Trigger,40000.0,2014,Individual,1st owner,75000,83437.0,9,15,8333.333,694.444,Honda
607,CB Hornet 160R,70000.0,2017,Individual,1st owner,35000,87719.0,6,7,5833.333,486.111,Honda
608,Glamour FI,30900.0,2014,Individual,1st owner,25000,71150.0,9,5,2777.778,231.481,Hero
609,Avenger [2015],65000.0,2010,Individual,1st owner,20000,75502.0,13,4,1538.462,128.205,Bajaj
610,Splendor Plus,15000.0,2006,Individual,1st owner,100000,,17,20,5882.353,490.196,Hero Honda
611,Apache RTR 160,89999.0,2019,Individual,1st owner,6400,,4,2,1600.0,133.333,TVS
612,Splendor Plus,17600.0,2006,Individual,1st owner,52000,,17,11,3058.824,254.902,Hero Honda
613,Platina 100,17000.0,2007,Individual,1st owner,16000,,16,4,1000.0,83.333,Bajaj
614,FZ25,90000.0,2018,Individual,1st owner,8200,132680.0,5,2,1640.0,136.667,Yamaha
615,Pulsar 150 [2001-2011],35000.0,2010,Individual,1st owner,60000,,13,12,4615.385,384.615,Bajaj
616,YZF R15 S,70000.0,2017,Individual,1st owner,16000,117926.0,6,4,2666.667,222.222,Yamaha
617,Discover 125,15000.0,2011,Individual,1st owner,47000,57549.0,12,10,3916.667,326.389,Bajaj
618,Passion PRO i3s,35000.0,2016,Individual,1st owner,18000,54475.0,7,4,2571.429,214.286,Hero
619,Activa [2000-2015],15000.0,2006,Individual,1st owner,50000,50267.0,17,10,2941.176,245.098,Honda
620,Discover 125,50000.0,2018,Individual,1st owner,6000,60122.0,5,2,1200.0,100.0,Bajaj
621,Gixxer [2014-2018],69000.0,2017,Individual,1st owner,20000,82813.0,6,4,3333.333,277.778,Suzuki
622,Wego,15000.0,2011,Individual,1st owner,65000,54760.0,12,13,5416.667,451.389,TVS
623,Discover 150,25000.0,2008,Individual,1st owner,25000,54299.0,15,5,1666.667,138.889,Bajaj
624,Access 125 [2007-2016],30000.0,2012,Individual,1st owner,23000,58314.0,11,5,2090.909,174.242,Suzuki
625,Karizma 2014,45000.0,2014,Individual,1st owner,5555,86744.0,9,2,617.222,51.435,Hero
626,CD Deluxe,35000.0,2016,Individual,1st owner,38000,,7,8,5428.571,452.381,Hero
627,Fazer 25,120000.0,2018,Individual,1st owner,6000,142680.0,5,2,1200.0,100.0,Yamaha
628,Splendor Plus,25000.0,2015,Individual,1st owner,45000,,8,9,5625.0,468.75,Hero
629,YZF R15 [2011-2018],80000.0,2017,Individual,1st owner,27000,118997.0,6,6,4500.0,375.0,Yamaha
630,Splendor Plus,10000.0,2007,Individual,1st owner,98000,,16,20,6125.0,510.417,Hero Honda
631,Apache RTR 160,70000.0,2018,Individual,1st owner,16000,,5,4,3200.0,266.667,TVS
632,Pulsar 150,35000.0,2011,Individual,1st owner,50000,,12,10,4166.667,347.222,Bajaj
633,Glamour 125,40000.0,2015,Individual,1st owner,71250,61600.0,8,15,8906.25,742.188,Hero
634,Passion Plus,20000.0,2006,Individual,1st owner,28000,,17,6,1647.059,137.255,Hero Honda
635,CB Twister,30000.0,2012,Individual,1st owner,50000,57241.0,11,10,4545.455,378.788,Honda
636,CT 100,8000.0,2005,Individual,2nd owner,82000,,18,17,4555.556,379.63,Bajaj
637,Pulsar 220 DTS-i,65000.0,2013,Individual,1st owner,6409,,10,2,640.9,53.408,Bajaj
638,Super Splendor [2005],20000.0,2008,Individual,1st owner,54000,,15,11,3600.0,300.0,Hero Honda
639,CB Trigger,45000.0,2013,Individual,1st owner,20000,76572.0,10,4,2000.0,166.667,Honda
640,Hunk,35000.0,2013,Individual,1st owner,50000,78513.0,10,10,5000.0,416.667,Hero
641,Discover 150,25000.0,2011,Individual,1st owner,52000,54299.0,12,11,4333.333,361.111,Bajaj
642,Apache RTR 160,15000.0,2009,Individual,4th owner,880000,,14,176,62857.143,5238.095,TVS
643,Xtreme Sports,65000.0,2017,Individual,1st owner,23000,78350.0,6,5,3833.333,319.444,Hero
644,Avenger [2015],45000.0,2011,Individual,1st owner,35000,75502.0,12,7,2916.667,243.056,Bajaj
645,Activa 125,45000.0,2017,Individual,1st owner,49000,,6,10,8166.667,680.556,Honda
646,Pulsar 220F,50000.0,2011,Individual,2nd owner,55000,,12,11,4583.333,381.944,Bajaj
647,Pulsar NS200,85000.0,2018,Individual,2nd owner,15100,,5,4,3020.0,251.667,Bajaj
648,Splendor,25000.0,2008,Individual,1st owner,38000,,15,8,2533.333,211.111,Hero Honda
649,CB Unicorn 150,60000.0,2017,Individual,1st owner,12652,74295.0,6,3,2108.667,175.722,Honda
650,Gixxer SF Fi,100000.0,2019,Individual,1st owner,7000,103170.0,4,2,1750.0,145.833,Suzuki
651,RC 200,180000.0,2019,Individual,2nd owner,13800,,4,3,3450.0,287.5,KTM
652,Discover 100,25000.0,2010,Individual,2nd owner,28000,42859.0,13,6,2153.846,179.487,Bajaj
653,Wego,15000.0,2011,Individual,2nd owner,20000,54760.0,12,4,1666.667,138.889,TVS
654,CB Hornet 160R,60000.0,2017,Individual,2nd owner,16008,92210.0,6,4,2668.0,222.333,Honda
655,YZF R15 S,75000.0,2018,Individual,1st owner,36000,117926.0,5,8,7200.0,600.0,Yamaha
656,CBZ,35000.0,2010,Individual,1st owner,36000,,13,8,2769.231,230.769,Hero
657,Scooty Zest 110,55000.0,2018,Individual,1st owner,380,53751.0,5,1,76.0,6.333,TVS
658,FZ S V 2.0,85000.0,2018,Individual,1st owner,50000,87042.0,5,10,10000.0,833.333,Yamaha
659,Glamour,35000.0,2012,Individual,1st owner,30000,,11,6,2727.273,227.273,Hero Honda
660,CBZ extreme,35000.0,2011,Individual,1st owner,35000,,12,7,2916.667,243.056,Hero Honda
661,FZ S V 2.0,60000.0,2017,Individual,1st owner,14500,84042.0,6,3,2416.667,201.389,Yamaha
662,Access 125,40000.0,2017,Individual,1st owner,15000,,6,3,2500.0,208.333,Suzuki
663,Pulsar 150,30000.0,2010,Individual,1st owner,54000,,13,11,4153.846,346.154,Bajaj
664,Pulsar NS160,80000.0,2018,Individual,1st owner,11000,,5,3,2200.0,183.333,Bajaj
665,Splendor PRO,24000.0,2011,Individual,1st owner,43000,51994.0,12,9,3583.333,298.611,Hero
666,Shine,18000.0,2010,Individual,1st owner,15000,,13,3,1153.846,96.154,Honda
667,Passion Pro 110,20000.0,2008,Individual,3rd owner,40000,,15,8,2666.667,222.222,Hero
668,FZ16,40000.0,2016,Individual,1st owner,93000,78712.0,7,19,13285.714,1107.143,Yamaha
669,Access 125,20000.0,2012,Individual,1st owner,24000,,11,5,2181.818,181.818,Suzuki
670,Jupiter,70000.0,2018,Individual,1st owner,14000,,5,3,2800.0,233.333,TVS
671,Passion Pro 110,50000.0,2019,Individual,1st owner,29442,,4,6,7360.5,613.375,Hero
672,FZ S V 2.0,75000.0,2017,Individual,1st owner,20000,84042.0,6,4,3333.333,277.778,Yamaha
673,Livo,25000.0,2015,Individual,1st owner,30000,,8,6,3750.0,312.5,Honda
674,CB Hornet 160R,70000.0,2017,Individual,1st owner,38000,87543.0,6,8,6333.333,527.778,Honda
675,Activa 125 [2016-2017],55000.0,2018,Individual,1st owner,18000,61545.0,5,4,3600.0,300.0,Honda
676,Activa 5G,51000.0,2018,Individual,1st owner,14000,59422.0,5,3,2800.0,233.333,Honda
677,Saluto,74000.0,2019,Individual,1st owner,13000,59844.0,4,3,3250.0,270.833,Yamaha
678,FZ S V 2.0,65000.0,2017,Individual,1st owner,42000,84042.0,6,9,7000.0,583.333,Yamaha
679,Avenger Street 150 [2018],60000.0,2016,Individual,2nd owner,27000,80435.0,7,6,3857.143,321.429,Bajaj
680,Pulsar 220F,110000.0,2019,Individual,1st owner,4000,,4,1,1000.0,83.333,Bajaj
681,YZF R15 [2011-2018],50000.0,2014,Individual,1st owner,1200,118997.0,9,1,133.333,11.111,Yamaha
682,Apache RTR 160 4V,85009.0,2018,Individual,1st owner,7500,,5,2,1500.0,125.0,TVS
683,Passion Pro 110,60000.0,2013,Individual,1st owner,15000,,10,3,1500.0,125.0,Hero
684,Pulsar 150,25000.0,2013,Individual,2nd owner,70000,,10,14,7000.0,583.333,Bajaj
685,Apache RTR 160 4V,75000.0,2019,Individual,1st owner,12657,,4,3,3164.25,263.688,TVS
686,CB Unicorn 150,30000.0,2010,Individual,1st owner,69000,74295.0,13,14,5307.692,442.308,Honda
687,Activa [2000-2015],16600.0,2010,Individual,1st owner,100000,50267.0,13,20,7692.308,641.026,Honda
688,Activa 3G,30000.0,2015,Individual,1st owner,18000,54605.0,8,4,2250.0,187.5,Honda
689,Shine,20000.0,2007,Individual,1st owner,80000,,16,16,5000.0,416.667,Honda
690,Activa 5G,62000.0,2019,Individual,1st owner,11200,59422.0,4,3,2800.0,233.333,Honda
691,Avenger Street 220,60000.0,2016,Individual,1st owner,17000,95955.0,7,4,2428.571,202.381,Bajaj
692,Xtreme [2013-2014],45000.0,2014,Individual,1st owner,56420,72492.0,9,12,6268.889,522.407,Hero
693,FZ S [2012-2016],40000.0,2011,Individual,1st owner,82000,79432.0,12,17,6833.333,569.444,Yamaha
694,Intruder 150,75000.0,2018,Individual,1st owner,10000,,5,2,2000.0,166.667,Suzuki
695,Fazer [2009-2016],50000.0,2012,Individual,1st owner,100000,84751.0,11,20,9090.909,757.576,Yamaha
696,Pulsar RS 200,105000.0,2017,Individual,1st owner,18345,,6,4,3057.5,254.792,Bajaj
697,Discover 135,30000.0,2009,Individual,1st owner,20000,,14,4,1428.571,119.048,Bajaj
698,CBZ,10000.0,2000,Individual,4th owner,48000,,23,10,2086.957,173.913,Hero Honda
699,Pulsar 135 LS,45000.0,2014,Individual,1st owner,14000,64589.0,9,3,1555.556,129.63,Bajaj
700,Fazer 25,145000.0,2018,Individual,2nd owner,4100,142680.0,5,1,820.0,68.333,Yamaha
701,CB Unicorn 150,45000.0,2016,Individual,2nd owner,50000,74295.0,7,10,7142.857,595.238,Honda
702,Activa 5G,65000.0,2019,Individual,1st owner,3025,59422.0,4,1,756.25,63.021,Honda
703,Pulsar 135 LS,20000.0,2011,Individual,1st owner,60000,64589.0,12,12,5000.0,416.667,Bajaj
704,Duet,37000.0,2016,Individual,1st owner,6000,50280.0,7,2,857.143,71.429,Hero
705,Splendor NXG,18000.0,2011,Individual,1st owner,35000,44814.0,12,7,2916.667,243.056,Hero
706,Glamour 125,25000.0,2013,Individual,1st owner,50000,61600.0,10,10,5000.0,416.667,Hero
707,Activa 5G,46000.0,2018,Individual,1st owner,10000,57557.0,5,2,2000.0,166.667,Honda
708,Fascino 110,55000.0,2019,Individual,1st owner,7000,57112.0,4,2,1750.0,145.833,Yamaha
709,V15,40000.0,2016,Individual,1st owner,34000,67187.0,7,7,4857.143,404.762,Bajaj
710,Passion PRO [2012],25000.0,2012,Individual,2nd owner,20000,,11,4,1818.182,151.515,Hero Honda
711,Activa [2000-2015],25000.0,2012,Individual,1st owner,38000,50267.0,11,8,3454.545,287.879,Honda
712,Xcd,15000.0,2008,Individual,1st owner,100000,,15,20,6666.667,555.556,Bajaj
713,Pulsar NS160,70000.0,2018,Individual,1st owner,20000,,5,4,4000.0,333.333,Bajaj
714,CB Hornet 160R,70000.0,2017,Individual,1st owner,240000,92210.0,6,48,40000.0,3333.333,Honda
715,RXG,25000.0,1997,Individual,1st owner,45354,,26,10,1744.385,145.365,Yamaha
716,Streak,10000.0,2009,Individual,1st owner,100000,,14,20,7142.857,595.238,TVS
717,Pulsar RS 200,80000.0,2015,Individual,1st owner,32000,,8,7,4000.0,333.333,Bajaj
718,Alpha,25000.0,2015,Individual,2nd owner,14000,54253.0,8,3,1750.0,145.833,Yamaha
719,Livo,35000.0,2016,Individual,1st owner,70000,,7,14,10000.0,833.333,Honda
720,Gusto,25000.0,2016,Individual,1st owner,13500,51185.0,7,3,1928.571,160.714,Mahindra
721,Discover 125,26000.0,2012,Individual,1st owner,75000,57549.0,11,15,6818.182,568.182,Bajaj
722,Glamour 125,15000.0,2011,Individual,1st owner,75000,61600.0,12,15,6250.0,520.833,Hero
723,CB Unicorn 160,50000.0,2017,Individual,1st owner,52000,77545.0,6,11,8666.667,722.222,Honda
724,Pleasure,26500.0,2013,Individual,1st owner,18860,49600.0,10,4,1886.0,157.167,Hero
725,Classic 350,135000.0,2017,Individual,1st owner,2700,,6,1,450.0,37.5,Royal Enfield
726,CB Hornet 160R,80000.0,2016,Individual,1st owner,100000,92661.0,7,20,14285.714,1190.476,Honda
727,CT 100,30000.0,2016,Individual,1st owner,38500,,7,8,5500.0,458.333,Bajaj
728,FZ S V 2.0,90000.0,2018,Individual,1st owner,10500,87042.0,5,3,2100.0,175.0,Yamaha
729,Pulsar 180,85000.0,2016,Individual,1st owner,35000,85011.0,7,7,5000.0,416.667,Bajaj
730,Glamour 125,54000.0,2013,Individual,1st owner,17000,61600.0,10,4,1700.0,141.667,Hero
731,CT 100,42000.0,2019,Individual,1st owner,2900,,4,1,725.0,60.417,Bajaj
732,Discover 100 T,25000.0,2014,Individual,1st owner,30000,47032.0,9,6,3333.333,277.778,Bajaj
733,Star City Plus,50000.0,2016,Individual,2nd owner,14000,,7,3,2000.0,166.667,TVS
734,CB Unicorn 150,55000.0,2014,Individual,1st owner,10000,74295.0,9,2,1111.111,92.593,Honda
735,Passion PRO TR,35000.0,2014,Individual,1st owner,9556,54586.0,9,2,1061.778,88.481,Hero
736,CB Shine SP,50000.0,2018,Individual,1st owner,37000,64750.0,5,8,7400.0,616.667,Honda
737,V15,45000.0,2015,Individual,1st owner,2700,65626.0,8,1,337.5,28.125,Bajaj
738,V15,45000.0,2016,Individual,1st owner,36000,67187.0,7,8,5142.857,428.571,Bajaj
739,Discover 100,28000.0,2015,Individual,2nd owner,52000,42859.0,8,11,6500.0,541.667,Bajaj
740,Electra 4 S,80000.0,2013,Individual,1st owner,46000,,10,10,4600.0,383.333,Royal Enfield
741,200 Duke,130000.0,2016,Individual,1st owner,12000,,7,3,1714.286,142.857,KTM
742,Pulsar 220F,120000.0,2019,Individual,1st owner,6500,,4,2,1625.0,135.417,Bajaj
743,GS150R,27000.0,2012,Individual,1st owner,14100,70851.0,11,3,1281.818,106.818,Suzuki
744,Shine,30000.0,2014,Individual,1st owner,40000,,9,8,4444.444,370.37,Honda
745,CB Unicorn Dazzler,50000.0,2010,Individual,1st owner,75000,71757.0,13,15,5769.231,480.769,Honda
746,Livo,45000.0,2018,Individual,1st owner,10000,,5,2,2000.0,166.667,Honda
747,Aviator,28000.0,2009,Individual,1st owner,29625,59183.0,14,6,2116.071,176.339,Honda
748,Activa [2000-2015],6000.0,2006,Individual,2nd owner,35000,50267.0,17,7,2058.824,171.569,Honda
749,Hunk,35000.0,2016,Individual,1st owner,32000,78513.0,7,7,4571.429,380.952,Hero
750,Activa 125,30000.0,2014,Individual,1st owner,20000,,9,4,2222.222,185.185,Honda
751,Discover 110,15000.0,2007,Individual,1st owner,70000,52710.0,16,14,4375.0,364.583,Bajaj
752,Xtreme [2013-2014],45000.0,2013,Individual,1st owner,57000,75936.0,10,12,5700.0,475.0,Hero
753,Victor GLX,18000.0,2005,Individual,1st owner,11000,,18,3,611.111,50.926,TVS
754,Pulsar NS200,85000.0,2018,Individual,1st owner,17500,,5,4,3500.0,291.667,Bajaj
755,Aviator,30000.0,2014,Individual,1st owner,7000,59183.0,9,2,777.778,64.815,Honda
756,Platina 100,40000.0,2018,Individual,1st owner,17500,,5,4,3500.0,291.667,Bajaj
757,Sport,34000.0,2018,Individual,1st owner,25000,,5,5,5000.0,416.667,TVS
758,Passion Plus,8000.0,2003,Individual,1st owner,53500,,20,11,2675.0,222.917,Hero Honda
759,V15,70000.0,2018,Individual,1st owner,15000,67187.0,5,3,3000.0,250.0,Bajaj
760,Dio,50000.0,2016,Individual,1st owner,8000,,7,2,1142.857,95.238,Honda
761,Dream Yuga,35000.0,2015,Individual,1st owner,39448,56147.0,8,8,4931.0,410.917,Honda
762,Splendor Plus,20000.0,2006,Individual,1st owner,75000,,17,15,4411.765,367.647,Hero Honda
763,Pulsar 150,50000.0,2012,Individual,1st owner,28000,,11,6,2545.455,212.121,Bajaj
764,Discover 135,37000.0,2008,Individual,1st owner,62000,,15,13,4133.333,344.444,Bajaj
765,Livo,69000.0,2018,Individual,1st owner,12000,,5,3,2400.0,200.0,Honda
766,Splendor NXG,28000.0,2012,Individual,1st owner,49999,,11,10,4545.364,378.78,Hero Honda
767,Discover 125,25000.0,2011,Individual,1st owner,70000,57549.0,12,14,5833.333,486.111,Bajaj
768,FZ V 2.0,60000.0,2018,Individual,1st owner,25000,81508.0,5,5,5000.0,416.667,Yamaha
769,SZ-S,50000.0,2014,Individual,1st owner,20000,72532.0,9,4,2222.222,185.185,Yamaha
770,Thunderbird 350,135000.0,2016,Individual,1st owner,4500,,7,1,642.857,53.571,Royal Enfield
771,Discover 125 M,30000.0,2014,Individual,1st owner,45000,49146.0,9,9,5000.0,416.667,Bajaj
772,FZ S [2012-2016],60000.0,2014,Individual,1st owner,68000,79432.0,9,14,7555.556,629.63,Yamaha
773,Activa [2000-2015],23000.0,2009,Individual,1st owner,95000,50267.0,14,19,6785.714,565.476,Honda
774,Xcd,20000.0,2009,Individual,1st owner,16000,,14,4,1142.857,95.238,Bajaj
775,Avenger Street 160,80000.0,2019,Individual,1st owner,5000,,4,1,1250.0,104.167,Bajaj
776,Electra 5 S,99000.0,2006,Individual,2nd owner,36000,,17,8,2117.647,176.471,Royal Enfield
777,Apache RTR 200 4V,90000.0,2018,Individual,1st owner,70000,,5,14,14000.0,1166.667,TVS
778,Splendor Plus,20000.0,2005,Individual,1st owner,27370,,18,6,1520.556,126.713,Hero Honda
779,Glamour 125,50000.0,2017,Individual,1st owner,8600,61600.0,6,2,1433.333,119.444,Hero
780,Victor GLX,27000.0,2002,Individual,1st owner,49000,,21,10,2333.333,194.444,TVS
781,Grazia,60000.0,2018,Individual,1st owner,16000,,5,4,3200.0,266.667,Honda
782,Pulsar 150 [2001-2011],12000.0,2007,Individual,2nd owner,100000,,16,20,6250.0,520.833,Bajaj
783,Xtreme 2014,50000.0,2014,Individual,1st owner,10000,72973.0,9,2,1111.111,92.593,Hero
784,Pleasure,20000.0,2012,Individual,2nd owner,30000,49600.0,11,6,2727.273,227.273,Hero
785,Passion XPro,45000.0,2018,Individual,1st owner,7000,58900.0,5,2,1400.0,116.667,Hero
786,Super Splendor,40000.0,2013,Individual,1st owner,68000,,10,14,6800.0,566.667,Hero
787,FZ S [2012-2016],45000.0,2016,Individual,2nd owner,20000,79432.0,7,4,2857.143,238.095,Yamaha
788,Activa [2000-2015],25000.0,2015,Individual,1st owner,25000,50267.0,8,5,3125.0,260.417,Honda
789,Glamour FI,75000.0,2019,Individual,1st owner,8900,71150.0,4,2,2225.0,185.417,Hero
790,Passion Plus,25000.0,2007,Individual,1st owner,70000,,16,14,4375.0,364.583,Hero Honda
791,Splendor Plus,25000.0,2006,Individual,2nd owner,40000,,17,8,2352.941,196.078,Hero
792,Xpulse 200,100000.0,2019,Individual,1st owner,8500,107500.0,4,2,2125.0,177.083,Hero
793,CB Unicorn 150,30000.0,2012,Individual,1st owner,32000,74295.0,11,7,2909.091,242.424,Honda
794,Discover 135,25000.0,2010,Individual,1st owner,55000,,13,11,4230.769,352.564,Bajaj
795,Splendor,10000.0,2006,Individual,1st owner,75000,,17,15,4411.765,367.647,Hero Honda
796,CD Deluxe,25000.0,2008,Individual,3rd owner,65000,,15,13,4333.333,361.111,Hero Honda
797,Electra Twinspark,120000.0,2016,Individual,1st owner,345000,,7,69,49285.714,4107.143,Royal Enfield
798,Dream Neo,42000.0,2014,Individual,1st owner,21000,53415.0,9,5,2333.333,194.444,Honda
799,Maestro,30000.0,2013,Individual,1st owner,60000,49412.0,10,12,6000.0,500.0,Hero
800,CBR150 R,77000.0,2014,Individual,1st owner,38000,132513.0,9,8,4222.222,351.852,Honda
801,CB Unicorn Dazzler,25000.0,2011,Individual,1st owner,40000,71757.0,12,8,3333.333,277.778,Honda
802,Apache [2006],15000.0,2006,Individual,1st owner,40000,,17,8,2352.941,196.078,TVS
803,Passion XPro,25000.0,2013,Individual,1st owner,25000,59640.0,10,5,2500.0,208.333,Hero
804,Activa 5G,50000.0,2018,Individual,1st owner,25000,57957.0,5,5,5000.0,416.667,Honda
805,Activa i,30000.0,2014,Individual,1st owner,25000,53900.0,9,5,2777.778,231.481,Honda
806,Apache RTR 200 4V,125000.0,2019,Individual,1st owner,3000,,4,1,750.0,62.5,TVS
807,CBZ extreme,35000.0,2011,Individual,1st owner,28000,,12,6,2333.333,194.444,Hero Honda
808,Gixxer [2014-2018],45000.0,2015,Individual,1st owner,40000,78316.0,8,8,5000.0,416.667,Suzuki
809,Xpulse 200,98000.0,2019,Individual,1st owner,8500,107500.0,4,2,2125.0,177.083,Hero
810,Pulsar 150,75000.0,2017,Individual,1st owner,30000,,6,6,5000.0,416.667,Bajaj
811,Pulsar AS150,55000.0,2017,Individual,2nd owner,20000,80821.0,6,4,3333.333,277.778,Bajaj
812,Platina 100,25000.0,2013,Individual,1st owner,30000,,10,6,3000.0,250.0,Bajaj
813,CB Twister,70000.0,2014,Individual,1st owner,12566,49150.0,9,3,1396.222,116.352,Honda
814,SlingShot,24000.0,2011,Individual,1st owner,17000,,12,4,1416.667,118.056,Suzuki
815,Apache RTR 160,70000.0,2018,Individual,1st owner,17000,,5,4,3400.0,283.333,TVS
816,V12,45000.0,2017,Individual,1st owner,35000,58906.0,6,7,5833.333,486.111,Bajaj
817,Karizma 2014,25000.0,2015,Individual,1st owner,40000,86744.0,8,8,5000.0,416.667,Hero
818,YZF R15 V3,170000.0,2019,Individual,1st owner,1400,146400.0,4,1,350.0,29.167,Yamaha
819,Fascino 110,38000.0,2016,Individual,1st owner,37000,54500.0,7,8,5285.714,440.476,Yamaha
820,CB Unicorn 160,45000.0,2015,Individual,1st owner,15000,77545.0,8,3,1875.0,156.25,Honda
821,Gladiator,15000.0,2009,Individual,1st owner,46000,,14,10,3285.714,273.81,Yamaha
822,Glamour,45000.0,2012,Individual,1st owner,75000,,11,15,6818.182,568.182,Hero Honda
823,Discover 100,22000.0,2014,Individual,1st owner,14289,42859.0,9,3,1587.667,132.306,Bajaj
824,Gusto,30000.0,2015,Individual,2nd owner,20000,51185.0,8,4,2500.0,208.333,Mahindra
825,Thunderbird 350,100000.0,2012,Individual,1st owner,28000,,11,6,2545.455,212.121,Royal Enfield
826,Classic 350,100000.0,2014,Individual,1st owner,19000,,9,4,2111.111,175.926,Royal Enfield
827,Pulsar 150,60000.0,2017,Individual,1st owner,28450,,6,6,4741.667,395.139,Bajaj
828,Electra Twinspark,100000.0,2014,Individual,1st owner,31500,,9,7,3500.0,291.667,Royal Enfield
829,Pulsar 150,40000.0,2016,Individual,1st owner,28000,,7,6,4000.0,333.333,Bajaj
830,Pulsar 150,21000.0,2007,Individual,1st owner,100000,,16,20,6250.0,520.833,Bajaj
831,HF Deluxe,40000.0,2018,Individual,1st owner,16000,,5,4,3200.0,266.667,Hero
832,Activa [2000-2015],25000.0,2007,Individual,1st owner,17860,50267.0,16,4,1116.25,93.021,Honda
833,FZ S [2012-2016],45000.0,2015,Individual,1st owner,24000,79432.0,8,5,3000.0,250.0,Yamaha
834,Avenger Cruise 220,75000.0,2016,Individual,1st owner,10950,,7,3,1564.286,130.357,Bajaj
835,Dio,45000.0,2017,Individual,1st owner,35850,,6,8,5975.0,497.917,Honda
836,Activa i [2016-2017],35000.0,2016,Individual,1st owner,29000,53436.0,7,6,4142.857,345.238,Honda
837,Bullet 350 [2007-2011],60000.0,2001,Individual,2nd owner,4000,,22,1,181.818,15.152,Royal Enfield
838,FZ V 2.0,60000.0,2016,Individual,1st owner,45420,81508.0,7,10,6488.571,540.714,Yamaha
839,Classic 350,130000.0,2018,Individual,2nd owner,35000,,5,7,7000.0,583.333,Royal Enfield
840,CB Shine SP,42000.0,2017,Individual,1st owner,19800,64750.0,6,4,3300.0,275.0,Honda
841,V15,76000.0,2018,Individual,1st owner,23000,65626.0,5,5,4600.0,383.333,Bajaj
842,CBZ,40000.0,2014,Individual,1st owner,35000,,9,7,3888.889,324.074,Hero
843,Splendor Plus,65000.0,2018,Individual,1st owner,7500,,5,2,1500.0,125.0,Hero
844,Discover 100 T,20000.0,2013,Individual,1st owner,20000,47032.0,10,4,2000.0,166.667,Bajaj
845,CB Hornet 160R,75000.0,2016,Individual,1st owner,72000,92661.0,7,15,10285.714,857.143,Honda
846,CB Hornet 160R,70000.0,2018,Individual,1st owner,7000,92661.0,5,2,1400.0,116.667,Honda
847,Apache RTR 160 4V,105000.0,2019,Individual,1st owner,6000,,4,2,1500.0,125.0,TVS
848,CB Shine SP,50000.0,2017,Individual,1st owner,34300,62317.0,6,7,5716.667,476.389,Honda
849,Classic 350,120000.0,2017,Individual,1st owner,7199,,6,2,1199.833,99.986,Royal Enfield
850,Pulsar 180,25000.0,2011,Individual,1st owner,43000,85011.0,12,9,3583.333,298.611,Bajaj
851,XL 100,30000.0,2017,Individual,1st owner,8000,30490.0,6,2,1333.333,111.111,TVS
852,Super Splendor,50000.0,2017,Individual,1st owner,9999,,6,2,1666.5,138.875,Hero
853,CBZ extreme,25000.0,2007,Individual,1st owner,80000,,16,16,5000.0,416.667,Hero Honda
854,Pulsar 180,50000.0,2014,Individual,1st owner,30000,85011.0,9,6,3333.333,277.778,Bajaj
855,Discover 150,35000.0,2015,Individual,1st owner,12000,54299.0,8,3,1500.0,125.0,Bajaj
856,Pulsar 180,30000.0,2009,Individual,1st owner,17500,85011.0,14,4,1250.0,104.167,Bajaj
857,Shine,37000.0,2016,Individual,1st owner,45000,,7,9,6428.571,535.714,Honda
858,CB Unicorn 150,42000.0,2013,Individual,1st owner,38000,74295.0,10,8,3800.0,316.667,Honda
859,Himalayan,119000.0,2016,Individual,1st owner,19800,,7,4,2828.571,235.714,Royal Enfield
860,Ninja 650 [2018-2019],300000.0,2011,Individual,1st owner,12000,589000.0,12,3,1000.0,83.333,Kawasaki
861,Classic 350,130000.0,1993,Individual,2nd owner,10000,,30,2,333.333,27.778,Royal Enfield
862,Passion Plus,22000.0,2008,Individual,2nd owner,85000,,15,17,5666.667,472.222,Hero Honda
863,Splendor Plus,15000.0,2007,Individual,1st owner,70000,,16,14,4375.0,364.583,Hero Honda
864,TNT 25,160000.0,2017,Individual,1st owner,2009,170994.0,6,1,334.833,27.903,Benelli
865,Thunderbird 500X,185000.0,2018,Individual,1st owner,1500,198605.0,5,1,300.0,25.0,Royal Enfield
866,Continental GT [2013 - 2018],110000.0,2014,Individual,1st owner,12077,208902.0,9,3,1341.889,111.824,Royal Enfield
867,RC 200,150000.0,2017,Individual,1st owner,20000,,6,4,3333.333,277.778,KTM
868,Bullet 350 [2007-2011],150000.0,1995,Individual,3rd owner,20000,,28,4,714.286,59.524,Royal Enfield
869,Pulsar 220F,45000.0,2011,Individual,1st owner,40000,,12,8,3333.333,277.778,Bajaj
870,Avenger Street 220,75000.0,2018,Individual,1st owner,12000,95955.0,5,3,2400.0,200.0,Bajaj
871,Activa 125 [2016-2017],50000.0,2017,Individual,1st owner,27000,61545.0,6,6,4500.0,375.0,Honda
872,Shine,30000.0,2013,Individual,1st owner,93000,,10,19,9300.0,775.0,Honda
873,Discover 150F,30000.0,2015,Individual,1st owner,12000,64071.0,8,3,1500.0,125.0,Bajaj
874,Pulsar 150 [2001-2011],22000.0,2011,Individual,1st owner,36000,,12,8,3000.0,250.0,Bajaj
875,Karizma ZMR,75000.0,2015,Individual,1st owner,11000,108000.0,8,3,1375.0,114.583,Hero
876,Dream Yuga,45000.0,2017,Individual,1st owner,26000,56147.0,6,6,4333.333,361.111,Honda
877,Glamour 125,35000.0,2014,Individual,1st owner,450000,61600.0,9,90,50000.0,4166.667,Hero
878,Activa [2000-2015],35000.0,2012,Individual,1st owner,29000,50267.0,11,6,2636.364,219.697,Honda
879,CT 100,25000.0,2017,Individual,1st owner,45000,,6,9,7500.0,625.0,Bajaj
880,CB Hornet 160R,70000.0,2017,Individual,1st owner,13000,92210.0,6,3,2166.667,180.556,Honda
881,CD Dawn,10000.0,2005,Individual,1st owner,48000,,18,10,2666.667,222.222,Hero
882,Classic Gunmetal Grey,180000.0,2018,Individual,1st owner,5814,148114.0,5,2,1162.8,96.9,Royal Enfield
883,Discover 100,24000.0,2014,Individual,1st owner,31000,42859.0,9,7,3444.444,287.037,Bajaj
884,Shine,42000.0,2017,Individual,1st owner,25000,,6,5,4166.667,347.222,Honda
885,Max DLX,26000.0,2002,Individual,2nd owner,28000,,21,6,1333.333,111.111,TVS
886,Dio,60000.0,2018,Individual,1st owner,11000,,5,3,2200.0,183.333,Honda
887,Pulsar 180,72000.0,2017,Dealer,1st owner,7850,85011.0,6,2,1308.333,109.028,Bajaj
888,Thunderbird 350,120000.0,2015,Individual,1st owner,10000,,8,2,1250.0,104.167,Royal Enfield
889,Thunderbird 350,59000.0,2005,Individual,2nd owner,40000,,18,8,2222.222,185.185,Royal Enfield
890,Classic Chrome,185000.0,2015,Individual,2nd owner,5000,189313.0,8,1,625.0,52.083,Royal Enfield
891,Classic Gunmetal Grey,140000.0,2018,Individual,1st owner,14000,148114.0,5,3,2800.0,233.333,Royal Enfield
892,390 Duke,205000.0,2018,Individual,1st owner,7500,,5,2,1500.0,125.0,KTM
893,Pleasure [2005-2015],30000.0,2013,Individual,1st owner,25000,46779.0,10,5,2500.0,208.333,Hero
894,Victor,18000.0,2004,Individual,1st owner,46700,54852.0,19,10,2457.895,204.825,TVS
895,Pulsar 150,35000.0,2011,Individual,1st owner,12000,,12,3,1000.0,83.333,Bajaj
896,RC 200,185000.0,2019,Individual,1st owner,6000,,4,2,1500.0,125.0,KTM
897,Ninja 300,300000.0,2016,Individual,1st owner,9800,360000.0,7,2,1400.0,116.667,Kawasaki
898,Dream Yuga,30000.0,2015,Individual,2nd owner,46070,56147.0,8,10,5758.75,479.896,Honda
899,Pulsar 150,35000.0,2009,Individual,1st owner,14500,,14,3,1035.714,86.309,Bajaj
900,Pulsar 150 [2001-2011],35000.0,2008,Individual,1st owner,70000,,15,14,4666.667,388.889,Bajaj
901,Passion Plus,25000.0,2008,Dealer,2nd owner,100000,,15,20,6666.667,555.556,Hero Honda
902,YZF R15 [2011-2018],80000.0,2013,Dealer,1st owner,30000,118997.0,10,6,3000.0,250.0,Yamaha
903,Splendor Plus,20000.0,2004,Individual,2nd owner,127000,,19,26,6684.211,557.018,Hero Honda
904,Karizma ZMR,43000.0,2012,Individual,2nd owner,63000,108000.0,11,13,5727.273,477.273,Hero
905,Splendor Plus,20000.0,2010,Individual,2nd owner,30000,,13,6,2307.692,192.308,Hero Honda
906,Style,20000.0,2011,Individual,1st owner,10000,37675.0,12,2,833.333,69.444,Yo
907,Splendor iSmart,40000.0,2015,Individual,1st owner,10000,52271.0,8,2,1250.0,104.167,Hero
908,Super Splendor,30000.0,2011,Individual,1st owner,89000,,12,18,7416.667,618.056,Hero
909,Discover 100,21000.0,2009,Individual,1st owner,50000,42859.0,14,10,3571.429,297.619,Bajaj
910,Fazer [2009-2016],35000.0,2011,Individual,1st owner,15500,84751.0,12,4,1291.667,107.639,Yamaha
911,Discover 125,23000.0,2011,Individual,1st owner,66000,57549.0,12,14,5500.0,458.333,Bajaj
912,Super Splendor,40000.0,2017,Individual,2nd owner,80000,,6,16,13333.333,1111.111,Hero
913,Shine,40000.0,2011,Individual,1st owner,8600,,12,2,716.667,59.722,Honda
914,Discover 125 M,45000.0,2014,Individual,1st owner,40000,47186.0,9,8,4444.444,370.37,Bajaj
915,Avenger Street 150 [2018],60000.0,2016,Individual,1st owner,25000,80435.0,7,5,3571.429,297.619,Bajaj
916,Fazer [2009-2016],40000.0,2013,Individual,1st owner,34500,84751.0,10,7,3450.0,287.5,Yamaha
917,Passion X Pro [2016-2017],42000.0,2016,Individual,1st owner,15500,59095.0,7,4,2214.286,184.524,Hero
918,Activa [2000-2015],18000.0,2011,Individual,1st owner,28000,50267.0,12,6,2333.333,194.444,Honda
919,Star City,15000.0,2006,Individual,1st owner,40000,46575.0,17,8,2352.941,196.078,TVS
920,Hunk,45000.0,2013,Individual,1st owner,40000,,10,8,4000.0,333.333,Hero Honda
921,Star City,25000.0,2016,Individual,1st owner,50000,47108.0,7,10,7142.857,595.238,TVS
922,Pulsar 150,70000.0,2017,Individual,1st owner,24000,,6,5,4000.0,333.333,Bajaj
923,Discover 100,23000.0,2012,Individual,1st owner,50000,42859.0,11,10,4545.455,378.788,Bajaj
924,Victor,10000.0,2005,Individual,1st owner,55000,54852.0,18,11,3055.556,254.63,TVS
925,Splendor Plus,25000.0,2012,Individual,1st owner,70000,,11,14,6363.636,530.303,Hero Honda
926,Aviator,25000.0,2012,Individual,2nd owner,12000,59183.0,11,3,1090.909,90.909,Honda
927,Pulsar 180,50000.0,2010,Individual,1st owner,70000,85011.0,13,14,5384.615,448.718,Bajaj
928,Avenger [2015],60000.0,2015,Individual,2nd owner,16000,75502.0,8,4,2000.0,166.667,Bajaj
929,CD Dawn,35000.0,2014,Individual,1st owner,38000,,9,8,4222.222,351.852,Hero
930,Maestro,50000.0,2016,Individual,1st owner,100000,49412.0,7,20,14285.714,1190.476,Hero
931,CB Shine SP,50000.0,2016,Individual,1st owner,45000,64750.0,7,9,6428.571,535.714,Honda
932,CD Deluxe,25500.0,2012,Individual,1st owner,28990,,11,6,2635.455,219.621,Hero Honda
933,Hunk,35000.0,2010,Individual,1st owner,13000,,13,3,1000.0,83.333,Hero Honda
934,CD Deluxe,20000.0,2005,Individual,1st owner,15000,,18,3,833.333,69.444,Hero Honda
935,Activa 3G,40000.0,2016,Individual,1st owner,60000,54605.0,7,12,8571.429,714.286,Honda
936,Pulsar 135 LS,45000.0,2017,Individual,1st owner,22000,64589.0,6,5,3666.667,305.556,Bajaj
937,Pulsar 150 [2001-2011],30000.0,2008,Individual,1st owner,19500,,15,4,1300.0,108.333,Bajaj
938,Pleasure,30000.0,2013,Individual,1st owner,25000,49600.0,10,5,2500.0,208.333,Hero
939,CBZ extreme,30000.0,2011,Individual,3rd owner,70000,,12,14,5833.333,486.111,Hero Honda
940,Pulsar 150,40000.0,2014,Individual,2nd owner,65000,,9,13,7222.222,601.852,Bajaj
941,CB Twister,25000.0,2012,Individual,1st owner,86000,53857.0,11,18,7818.182,651.515,Honda
942,Livo,45000.0,2017,Individual,1st owner,30000,,6,6,5000.0,416.667,Honda
943,Pulsar AS200,65000.0,2015,Individual,1st owner,33000,92074.0,8,7,4125.0,343.75,Bajaj
944,Activa 3G,40000.0,2015,Individual,1st owner,36000,54605.0,8,8,4500.0,375.0,Honda
945,Hunk,40000.0,2010,Individual,1st owner,41000,,13,9,3153.846,262.82,Hero Honda
946,CB Hornet 160R,70000.0,2017,Individual,1st owner,28000,83340.0,6,6,4666.667,388.889,Honda
947,HF Deluxe,35000.0,2018,Individual,1st owner,15000,,5,3,3000.0,250.0,Hero
948,Splendor PRO,35000.0,2015,Individual,1st owner,35280,51994.0,8,8,4410.0,367.5,Hero
949,Boxer,15000.0,2004,Individual,1st owner,18000,,19,4,947.368,78.947,Bajaj
950,Electra 5 S,99000.0,2012,Individual,1st owner,28000,,11,6,2545.455,212.121,Royal Enfield
951,Electra 5 S,90000.0,2012,Individual,1st owner,40000,,11,8,3636.364,303.03,Royal Enfield
952,Hunk,20000.0,2010,Individual,1st owner,17000,,13,4,1307.692,108.974,Hero Honda
953,Ignitor,36000.0,2016,Individual,1st owner,23000,65599.0,7,5,3285.714,273.81,Hero
954,Discover 100 M,32000.0,2014,Individual,1st owner,30000,44756.0,9,6,3333.333,277.778,Bajaj
955,Activa 3G,50000.0,2016,Individual,1st owner,6000,54605.0,7,2,857.143,71.429,Honda
956,Pulsar 135 LS,50000.0,2015,Individual,1st owner,48000,64589.0,8,10,6000.0,500.0,Bajaj
957,Pulsar 220 DTS-i,60000.0,2014,Individual,1st owner,16000,,9,4,1777.778,148.148,Bajaj
958,CBZ extreme,40000.0,2009,Individual,1st owner,50000,,14,10,3571.429,297.619,Hero Honda
959,CBZ extreme,35000.0,2012,Individual,1st owner,60000,,11,12,5454.545,454.545,Hero Honda
960,Thunder 500,175000.0,2018,Individual,1st owner,3000,190000.0,5,1,600.0,50.0,Royal Enfield
961,Renegade Mojave,170000.0,2019,Individual,1st owner,1400,182000.0,4,1,350.0,29.167,UM
962,RC200,165000.0,2019,Individual,1st owner,4000,178000.0,4,1,1000.0,83.333,KTM
963,Dominar 400,145000.0,2019,Individual,1st owner,1200,160000.0,4,1,300.0,25.0,Bajaj
964,Classic 350,135000.0,2019,Individual,1st owner,4100,147000.0,4,1,1025.0,85.417,Royal Enfield
965,RC390,135000.0,2017,Individual,1st owner,21700,237000.0,6,5,3616.667,301.389,KTM
966,GT250R,135000.0,2016,Individual,2nd owner,16500,345000.0,7,4,2357.143,196.429,Hyosung
967,Thunder 350,125000.0,2015,Individual,1st owner,15000,150000.0,8,3,1875.0,156.25,Royal Enfield
968,Thunder 350,120000.0,2018,Individual,1st owner,18000,150000.0,5,4,3600.0,300.0,Royal Enfield
969,Classic 350,120000.0,2019,Individual,1st owner,11000,147000.0,4,3,2750.0,229.167,Royal Enfield
970,RC200,120000.0,2018,Individual,1st owner,6000,178000.0,5,2,1200.0,100.0,KTM
971,Thunder 350,115000.0,2018,Individual,1st owner,8700,150000.0,5,2,1740.0,145.0,Royal Enfield
972,390 Duke ,115000.0,2016,Individual,1st owner,7000,240000.0,7,2,1000.0,83.333,KTM
973,Mojo XT300,115000.0,2018,Individual,1st owner,35000,140000.0,5,7,7000.0,583.333,Mahindra
974,Classic 350,115000.0,2017,Individual,1st owner,17000,147000.0,6,4,2833.333,236.111,Royal Enfield
975,Classic 350,111000.0,2017,Individual,1st owner,17500,147000.0,6,4,2916.667,243.056,Royal Enfield
976,Classic 350,110000.0,2015,Individual,1st owner,33000,147000.0,8,7,4125.0,343.75,Royal Enfield
977,Thunder 500,110000.0,2017,Individual,1st owner,14000,190000.0,6,3,2333.333,194.444,Royal Enfield
978,Classic 350,110000.0,2017,Individual,1st owner,26000,147000.0,6,6,4333.333,361.111,Royal Enfield
979,Thunder 500,105000.0,2015,Individual,1st owner,5400,190000.0,8,2,675.0,56.25,Royal Enfield
980,Pulsar RS200,105000.0,2018,Individual,1st owner,5700,126000.0,5,2,1140.0,95.0,Bajaj
981,Thunder 350,105000.0,2013,Individual,1st owner,6900,150000.0,10,2,690.0,57.5,Royal Enfield
982,Bullet 350,105000.0,2018,Individual,1st owner,6000,117000.0,5,2,1200.0,100.0,Royal Enfield
983,Classic 350,100000.0,2015,Individual,1st owner,46500,147000.0,8,10,5812.5,484.375,Royal Enfield
984,Classic 500,95000.0,2014,Individual,1st owner,11500,175000.0,9,3,1277.778,106.481,Royal Enfield
985,Classic 500,90000.0,2011,Individual,1st owner,40000,175000.0,12,8,3333.333,277.778,Royal Enfield
986,Avenger 220,90000.0,2019,Individual,1st owner,1300,95000.0,4,1,325.0,27.083,Bajaj
987,Avenger 150,75000.0,2018,Individual,1st owner,7000,80000.0,5,2,1400.0,116.667,Bajaj
988,CB Hornet 160R,80000.0,2019,Individual,1st owner,3000,87000.0,4,1,750.0,62.5,Honda
989,FZ S V 2.0,78000.0,2019,Individual,1st owner,5000,84000.0,4,1,1250.0,104.167,Yamaha
990,CB Hornet 160R,75000.0,2019,Individual,1st owner,11000,87000.0,4,3,2750.0,229.167,Honda
991,FZ 16,75000.0,2017,Individual,1st owner,18000,82000.0,6,4,3000.0,250.0,Yamaha
992,Avenger 220,75000.0,2019,Individual,1st owner,3500,95000.0,4,1,875.0,72.917,Bajaj
993,Avenger 220,72000.0,2018,Individual,1st owner,500,95000.0,5,1,100.0,8.333,Bajaj
994,Apache RTR 160,65000.0,2019,Individual,1st owner,11800,81000.0,4,3,2950.0,245.833,TVS
995,Pulsar 150,65000.0,2017,Individual,1st owner,5000,74000.0,6,1,833.333,69.444,Bajaj
996,CBR 150,65000.0,2016,Individual,1st owner,23500,120000.0,7,5,3357.143,279.762,Honda
997,Extreme,65000.0,2015,Individual,1st owner,16000,78700.0,8,4,2000.0,166.667,Hero
998,CB Hornet 160R,60000.0,2018,Individual,1st owner,15000,87000.0,5,3,3000.0,250.0,Honda
999,Avenger 220 dtsi,60000.0,2017,Individual,1st owner,16600,95000.0,6,4,2766.667,230.556,Bajaj
1000,CBR 150,60000.0,2015,Individual,1st owner,32000,120000.0,8,7,4000.0,333.333,Honda
1001,Avenger 150 street,60000.0,2018,Individual,1st owner,20000,80000.0,5,4,4000.0,333.333,Bajaj
1002,FZ  v 2.0,60000.0,2017,Individual,1st owner,29000,84000.0,6,6,4833.333,402.778,Yamaha
1003,FZ  v 2.0,60000.0,2018,Individual,1st owner,25000,84000.0,5,5,5000.0,416.667,Yamaha
1004,Pulsar  NS 200,60000.0,2016,Individual,1st owner,25000,99000.0,7,5,3571.429,297.619,Bajaj
1005,Apache RTR 160,60000.0,2014,Individual,1st owner,19000,81000.0,9,4,2111.111,175.926,TVS
1006,Extreme,55000.0,2016,Individual,1st owner,15000,78700.0,7,3,2142.857,178.571,Hero
1007,FZ S V 2.0,55000.0,2017,Individual,1st owner,58000,84000.0,6,12,9666.667,805.556,Yamaha
1008,Pulsar 220 F,52000.0,2012,Individual,1st owner,45000,94000.0,11,9,4090.909,340.909,Bajaj
1009,Pulsar 220 F,51000.0,2018,Individual,1st owner,24000,94000.0,5,5,4800.0,400.0,Bajaj
1010,Apache RTR 180,50000.0,2013,Individual,1st owner,6000,82600.0,10,2,600.0,50.0,TVS
1011,Passion X pro,50000.0,2018,Individual,1st owner,31000,55000.0,5,7,6200.0,516.667,Hero
1012,Pulsar NS 200,50000.0,2014,Individual,1st owner,13000,99000.0,9,3,1444.444,120.37,Bajaj
1013,Pulsar NS 200,50000.0,2015,Individual,1st owner,45000,99000.0,8,9,5625.0,468.75,Bajaj
1014,Fazer ,50000.0,2016,Individual,1st owner,8000,88000.0,7,2,1142.857,95.238,Yamaha
1015,Activa 4G,48000.0,2019,Individual,1st owner,4300,51000.0,4,1,1075.0,89.583,Honda
1016,Sport ,48000.0,2019,Individual,1st owner,15000,52000.0,4,3,3750.0,312.5,TVS
1017,FZ S V 2.0,48000.0,2017,Individual,1st owner,23000,84000.0,6,5,3833.333,319.444,Yamaha
1018,Dream Yuga ,48000.0,2019,Individual,1st owner,8600,54000.0,4,2,2150.0,179.167,Honda
1019,Activa 4G,45000.0,2019,Individual,1st owner,4000,51000.0,4,1,1000.0,83.333,Honda
1020,Avenger Street 220,45000.0,2013,Individual,1st owner,24000,95000.0,10,5,2400.0,200.0,Bajaj
1021,Apache RTR 180,45000.0,2016,Individual,1st owner,23000,82600.0,7,5,3285.714,273.81,TVS
1022,Pulsar NS 200,45000.0,2014,Individual,1st owner,14500,99000.0,9,3,1611.111,134.259,Bajaj
1023,Avenger 220 dtsi,45000.0,2012,Individual,1st owner,27000,95000.0,11,6,2454.545,204.545,Bajaj
1024,Splender iSmart,45000.0,2018,Individual,1st owner,14000,54000.0,5,3,2800.0,233.333,Hero
1025,3g,45000.0,2018,Individual,1st owner,500,54000.0,5,1,100.0,8.333,Activa
1026,Passion Pro,45000.0,2018,Individual,1st owner,1000,55000.0,5,1,200.0,16.667,Hero
1027,Apache RTR 160,42000.0,2016,Individual,1st owner,42000,81000.0,7,9,6000.0,500.0,TVS
1028,CB Trigger,42000.0,2015,Individual,1st owner,12000,73000.0,8,3,1500.0,125.0,Honda
1029,Splender iSmart,40000.0,2017,Individual,1st owner,14000,54000.0,6,3,2333.333,194.444,Hero
1030,FZ S ,40000.0,2014,Individual,1st owner,5500,83000.0,9,2,611.111,50.926,Yamaha
1031,Passion Pro,40000.0,2017,Individual,1st owner,6700,55000.0,6,2,1116.667,93.056,Hero
1032,Pulsar 135 LS,40000.0,2016,Individual,1st owner,13700,64000.0,7,3,1957.143,163.095,Bajaj
1033,4g,40000.0,2019,Individual,1st owner,1300,51000.0,4,1,325.0,27.083,Activa
1034,CB Unicorn,38000.0,2017,Individual,1st owner,38600,72000.0,6,8,6433.333,536.111,Honda
1035,CBZ extreme,38000.0,2013,Individual,1st owner,75000,78700.0,10,15,7500.0,625.0,Hero Honda
1036,Karizma,35000.0,2013,Individual,1st owner,30000,105000.0,10,6,3000.0,250.0,Honda
1037,Activa 125,35000.0,2018,Individual,1st owner,24000,57000.0,5,5,4800.0,400.0,Honda
1038,Jupyter,35000.0,2016,Individual,1st owner,19000,52000.0,7,4,2714.286,226.191,TVS
1039,Karizma,31000.0,2012,Individual,1st owner,213000,105000.0,11,43,19363.636,1613.636,Honda
1040,Passion Pro,30000.0,2014,Individual,1st owner,60000,51000.0,9,12,6666.667,555.556,Hero Honda
1041,Splender Plus,30000.0,2018,Individual,1st owner,50000,48000.0,5,10,10000.0,833.333,Hero
1042,CB Shine,30000.0,2015,Individual,1st owner,30000,58000.0,8,6,3750.0,312.5,Honda
1043,Discover 100,27000.0,2015,Individual,1st owner,21000,47000.0,8,5,2625.0,218.75,Bajaj
1044,Pulsar 150,25000.0,2010,Individual,2nd owner,26000,75000.0,13,6,2000.0,166.667,Bajaj
1045,Access 125,25000.0,2010,Individual,1st owner,1900,58000.0,13,1,146.154,12.179,Suzuki
1046,Wego,25000.0,2012,Individual,1st owner,22000,52000.0,11,5,2000.0,166.667,TVS
1047,CB twister,25000.0,2015,Individual,1st owner,32000,51000.0,8,7,4000.0,333.333,Honda
1048,Glamour,25000.0,2015,Individual,1st owner,18000,57000.0,8,4,2250.0,187.5,Hero
1049,Super Splendor,20000.0,2007,Individual,1st owner,55000,57000.0,16,11,3437.5,286.458,Hero
1050,Pulsar 150,20000.0,2010,Individual,1st owner,60000,75000.0,13,12,4615.385,384.615,Bajaj
1051,Discover 125,20000.0,2014,Individual,2nd owner,25000,57000.0,9,5,2777.778,231.481,Bajaj
1052,Hunk,20000.0,2009,Individual,2nd owner,49000,75000.0,14,10,3500.0,291.667,Hero
1053, Ignitor Disc,20000.0,2015,Individual,2nd owner,24000,65000.0,8,5,3000.0,250.0,Hero
1054, CBZ Xtreme,20000.0,2010,Individual,1st owner,50000,78700.0,13,10,3846.154,320.513,Hero
1055, ct 100,18000.0,2017,Individual,1st owner,35000,32000.0,6,7,5833.333,486.111,Bajaj
1056,3g,17000.0,2010,Individual,1st owner,500000,52000.0,13,100,38461.538,3205.128,Activa
1057,CB twister,16000.0,2012,Individual,1st owner,33000,51000.0,11,7,3000.0,250.0,Honda
1058,Discover 125,15000.0,2013,Individual,2nd owner,35000,57000.0,10,7,3500.0,291.667,Bajaj
1059,CB Shine,12000.0,2009,Individual,1st owner,53000,58000.0,14,11,3785.714,315.476,Honda
1060,Pulsar 150,10000.0,2008,Individual,1st owner,92233,75000.0,15,19,6148.867,512.406,Bajaj
